Hash,Sequence
c77678ba55303523ebfb97073b6920fb80c7b9db,TTTAAGTGGAATCCTAGCACATTCTGGAGGATCTGTAGATCTTGCAATTTTTAGTTTACACATTGCAGGTGCTTCTTCTATTTTAGGAGCGATAAATTTTATTGTAACGATTTTAAACATGAGAGCACCCGGTATGTCAGCACATAGGGTACCTTTATTTGTTTGAGCTGTTTTTATTACAGCTTTTTTACTCTTATTATCGTTACCTGTTTTAGCAGGAGCAATTACTATGCTTCTAACAGACAGAAATTTCAACACCGCTTTCTTTGACAGCCATGGTGGTGGAGATCCTGTTCTTTTTCAGCATCTTTTT
8a1c9da427aa6f155aaa44acd2708f79db93e1d1,TCTAGCAGGGATTCAAGCTCATTCAGGAGGTTCTGTTGATTTAGCAATTTTCTCTCTTCATTTAGCCGGAGTTTCGTCGATTCTTGGTGCAATTAATTTTATTGTAACAATTATGAACATGCGAGCTCCAGGAATGACTGCTCACCGAACTCCTTTATTTGTATGAGCTGTATTTATTACAGCTTTCTTACTTTTATTGTCTTTACCGGTTCTAGCAGGAGCTATTACAATGCTTTTAACAGATCGTAACTTTAATACGTCATTCTTCGACCCTAATGGTGGAGGTGACCCAGTATTATATCAACATTTGTTT
a64ab751b69ad1c2dc45814951dd0b3fce5c88aa,ACTAAGTCATATTACTAGTCACTCAGGAGGTGCTGTAGATTTAGCTATTTTTAGTTTACACGTTTCAGGTGCAAGTAGTATTTTAGGTGCAATCAACTTTATTACTACCATCTTTAATATGCGTGGACCTGGATTATTAATGCATCGCTTACCTTTATTTGTATGGAGTGTTTTAATTACAGCGTTTTTACTTCTTCTCTCATTACCTGTACTTGCAGGTGCAATTACAATGTTACTAACTGATCGAAACTTTTCAACCAGTTTCTTTGACCCAAGTGGTGGAGGAGACCCTATTTTATATCAACATTTATTC
11a112ced1c85e620f6d97d82281a1bb58614e67,TCTAAGTCATATTACGAGCCACTCTGGTGGTGCAGTTGATTTAGCTATTTTCAGTTTACATTTATCTGGAGCGAGCAGTATTTTAGGGGCGATTAACTTTATTACCACTATCTTTAACATGCGTGGGCCTGGTCTGGGCTTCCATCGCTTACCTTTATTTGTGTGGTCTGTTCTGATTACGGCCTTCTTACTTCTTCTCTCTTTACCGGTTTTAGCGGGAGCGATTACGATGCTGTTAACGGATCGTAACTTCAATACCTCGTTCTTTGATCCGGCGGGCGGAGGTGACCCTATTTTGTTCCAGCACCTTTTT
9c1b08211a76599faa4a6763b8c564f85d586b36,ACTTTCAAGTGGTACGTCTCACTCTGGTGGAGCTGTTGATCTAGCTATCTTTAGTTTACATCTTTCAGGAGCTTCATCAATTTTAGGAGCAATTAACTTTATATGTACCATTTTTAATATGCGAGTGAAAAGTTTGTCATTTCACAACTTACCTCTTTTTGTTTGGGCTGTTTTAATTACAGCTTTTTTATTATTGTTGTCTTTACCTGTATTAGCTGGAGCGATAACAATGTTACTGACTGATAGAAACTTTAACACTACTTTTTTTGATCCAGCTGGGGGAGGAGATCCTGTACTGTATCAACATCTGTTT
bccac54ad7babc9191848eab06023ee35501cc72,ACTCTCTTCCAAGAAATACTCTTCCAGCTTTAATATGGATATTACTATTTTATCAGTTCTTTCAATAGCAACAGCGTCGCTAATTAGTACCACTAATTTGATATCAACCTATAGGTATATGCGGGGGGCTTCCATGAAAGCAGACTACAGGTTTATACCCCTTTCTGTTTACGGTACCCTTTTCGGGGCGCTCCTATTTACGTTTGCCGCACCTGTTTTAGGCATAGCTATGTTTATGCTCTATTTTGATAGACATGGTATTACAAATTTTTTTAATGTAGCCAAAGGGGGCGACGTGGTTCTATACCAACATCTTTTT
a31d4e16bf8a39f654272a1186dba2dda26ab921,ATTATCAAGTATTGCAAGCCACTCTGGAGGTGCTGTAGACTTAGCCATTTTTAGTCTACACTTGTCTGGAGCTTCAAGTATTCTAGGTGCTATCAATTTTATCACTACTGTGATTAATATGCGTGCTCCAGGTATGAGTATGCACCGTCTTCCATTATTTGTTTGGGCAGTTTTCATTACAGCATTTCTACTTCTACTTTCACTTCCAGTATTTGCTGGTGCGATTACCATGCTATTGACAGATCGAAATTTTAATACAACTTTCTTCGATCCAGCCGGTGGTGGCGACCCAGTACTATATCAACACTTATTT
bc6b1aeae602820e9af67763214c3b38c6d34f7c,TCTTTCAAGTGGAACTTCTCATTCAGGTGGAGCTGTTGATTTAGCTATTTTCAGTTTACATCTTTCAGGAGCTTCATCAATTCTAGGAGCAATTAATTTTATATGTACCATCTTTAACATGAGGGTAAAAAGTTTGTCATTCCATAACTTACCTCTTTTCGTTTGGGCTGTTCTAATTACAGCTTTTCTACTGTTGTTGTCTTTACCTGTATTAGCAGGAGCAATAACAATGCTATTGACCGATAGAAATTTCAACACTACTTTCTTCGATCCTGCTGGGGGAGGAGATCCTGTGTTGTATCAACATTTATTT
5ea3e5f9f5b217b39bc303871d907b6536ed24fa,ATTAGCAAGTATTGCATTCCACTCAGGAGGAGCAGTTGATTGTGCAATTTTTGCTCTTCACGTTGCAGGAGCTTCTTCTATTCTTGGAGCAGTAAACTTTATTACAACTGTAATGAACATGCGAGCTCCAGGAATTAGTCTTCACCGAATGCCTTTATTCGTATGAAGTGTTTTTGTAACTGTTGTACTTCTTCTATTAGCTGTACCTGTACTTGCAGGAGCAATTACGATGCTACTAACAGATCGAAACTTTAACACAACTTTCTTTGACCCAGCAGGGGGAGGAGATCCTGTACTTTACCAGCACCTTTTC
422d4fe71439b6a3fcf11eb88b4b6470aeccf522,TCTTTCAGGTATTATTGCACACTCAGGAGGTTCTGTAGATTTAGCTATCTTCAGTCTTCACTTATCAGGAGCAGCATCTATTTTAGGAGCAATTAATTTTATTTGTACTATTGTTAACATGCGAACTGAGAGTTTACCATTCCATAAGTTACCTCTATTCGTATGGGCAGTATTTATTACCGCAATTTTATTGTTATTATCGTTACCAGTATTAGCAGGTGCAATTACCATGTTATTAACTGATAGAAATTTCAATACTACTTTCTTTGATCCAGCAGGTGGAGGTGATCCTGTATTGTATCAGCACTTATTC
1fe96f710bb347b06871a3fb6513562d8d48de76,TTTATCAGACTCTAAGTATCATTCTGGTATTTCAGTAGATTTAGCTATTTTTAGACTTCATTTAGCTGGAATTTCTTCTATTTTAGGGAGAATTAACTTCATAACTACTATTATTTGTTCTCGTACAACGAAGATGGTAAGAATAGATCGCATACCTTTAATGTTGTGATCTTTAGGAGTAACGGCTTTCTTATTAGTTACTACTTTACCTGTTTTAGCCGGAGCTATTACGATACTTTTAACGGATCGTAACTTTAATACTTCTTTCTTTGATCCTTCAGGAGGAGGAAATCCTGTTTTATATCAACACTTATTC
e99d1668c1d0134c149b205d148ef407abb3e995,ATTAGCAAGTATTGCATTCCACTCAGGAGGAGCAGTTGATTGTGCAATTTTCGCTCTTCACGTTGCAGGAGCTTCTTCTATTCTTGGAGCAGTAAACTTTATTACAACTGTAATGAACATGCGAGCTCCAGGAATTAGTCTTCACCGAATGCCTCTATTCGTATGAAGTGTTTTTGTAACTGTTGTACTTCTTCTATTAGCTGTACCTGTACTTGCAGGAGCAATTACGATGCTATTAACAGATCGAAACTTTAACACAACTTTCTTTGACCCAGCAGGGGGAGGAGATCCTGTACTTTATCAGCACCTTTTC
7a57c9dbd7b24dce9db21f770aa8a31dab53051b,GCTTTCTGGAATTTTAGCTCACTCTGGAGGAGCTGTAGATTTAGCTATCTTTAGTTTACATTTAGCTGGAATTTCATCGATTTTAGGCGCTATAAACTTTATTGTTACAATTTTAAACATGCGATGCCCTGGAATGACAGCTCACAGAACTCCATTATTCGTTTGAGCTGTTTTCATTACAGCTTTTTTATTATTACTTTCTTTACCTGTTTTAGCGGGTGCTATTACAATGCTTCTAACAGATAGAAATTTTAATACTTCTTTCTTCGATCCGAATGGTGGAGGAGATCCTGTTCTATATCAGCACCTTTTT
b3b7552ad4cb087f2533f45f05c840503002203e,ATTAAGTCATATTACAAGTCACTCTGGAGGTGCAGTAGATTTAGCTATTTTTAGTTTACACGTATCAGGAGCAAGTAGTATTTTAGGTGCAATTAATTTTATTACAACTATTTTTAATATGCGAGGACCTGGGTTACTTCTTCACCGTCTGCCATTATTTGTGTGGAGTGTACTAATTACAGCTTTTTTACTTTTATTATCTCTTCCAGTTTTAGCTGGCGCTATTACAATGCTTTTAACTGATCGTAACTTTTCAACTAGTTTTTTTGATCCAAGTGGCGGTGGTGACCCGATTTTATATCAGCATTTATTC
7857c0861b5605350e6f69cadc59968e05d0d17f,TAGCAGGTAACCTCGCCCACGCTGGAGCCTCTGTTGACCTCGCCATCTTCTCACTACACCTAGCTGGTGTTTCTTCTATCCTAGGTGCAATCAACTTTATTACAACAGCCATTAACATAAAACCCCCAGCCCTTTCACAATACCAAACCCCTCTATTCGTGTGATCAGTCCTAATCACCGCCATCCTACTACTACTATCACTCCCAGTACTCGCTGCAGGTATTACCATGCTCCTCACGGACCGAAATCTCAATACCACATTCTTTGATCCCGCGGGAGGAGGAGACCCCGTCCTATACCAACACCTCTTC
f844a3dc3d541c27fc54fa31734c4b2f061c00c2,ATTATCAGGAATTGTAGGACACCCAGGTAGTGCTGTTGATTTTGCCATATTTAGTTTACATTTAGCAGGTATTTCATCTATTGCAGGAGCTATAAACTTTATAGTAACTATATATAATATGAGAATGGGTGGTATGACCCTATTAAAAATGCCTCTATTTGTATGATCTGTTTTTATTACTGCTTTCTTATTACTACTATCTTTACCTGTATTAGCTGGTGCTATTACAATGTTATTATCAGATAGAAATCTTAATACTTCTTTTTTTGACTATGCCGGTGGTGGTGATCCTATATTATATCAGCATTTATTT
c86edf42afe1847e481b41dc9d0c5e33829cb6c6,ACTCTCTTCCAAGAAATACTCTTCCAGCTTTAATATGGATATTACTATTTTATCAGTTCTTTCAATAGCAACAGCGTCGCTAATTAGTACCACTAATTTGATATCAACCTATAGGTATATGCGGGGGGCTTCCATGAAAGCAGACTACAGGTTTATACCCCTTTCTGTTTACGGTACCCTTTTCGGGGCGCTCCTATTTACGTTTGCCGCACCTGTTTTAGGCATAGCTATGTTTATGCTCTATTTTGATAGACATGGTATTACAAATTTTTTTAATGTAGCCAAAGGGGGCGACGTAGTTCTATACCAACATCTTTTT
1224da688c3d6f0161bb02af5104f978c7e6348c,TTTAAGTACTTCTGCTCATCCAGGAGCTTCTGTAGATTTTGCTATCTTTAGTTTACACTTATCTGGAGCAGCTTCGATCTCAGGAGCAATTAACTTTTTAGCTACTGTTGCGAATATGAAAGCTCCCGGAATAACATATCAAAGATTGACCTTGTTTGTTTGGGCCTTATTTGTAACTTCAGTTTTGTTACTTATCTCATTACCTGTTTTTGGTGGAGCTATCACAATGCTATTAACTGATAGAAACTTTGATACGTGTTTTTATGATCCCGCTGGAGGTGGTGATCCTGTATTGTATCAGCATCTCTTT
3e248fd0cee6b597584b8cae690db35418161d5b,TTTAAGTAGTGTACAAGCACATTCTGGTCCTTCAGTAGATTTAGCGATCTTTAGTTTACACCTTTCAGGTGCTTCGTCAATTTTAGGAGCGATTAATTTCATTACTACTATTTTTAATATGCGAGCACCTGGTATGACTATGCACCGTCTACCTTTATTTGTGTGGGCCATTCTAATTACCGCATTCCTATTATTATTATCGTTACCTGTTTTAGCTGGTGCAATTACTATGCTATTAACTGATCGTAACTTTAATACTACTTTTTTTGACCCTGCTGGTGGGGGAGATCCAGTACTTTACCAACATTTATTC
a0a722863af472de3f8f7f75b41040e007813387,CCTAGCAGGTAACCTCGCCCACGCTGGAGCCTCTGTTGACCTCGCCATCTTCTCACTACACCTAGCTGGTGTTTCTTCTATCCTAGGTGCAATCAACTTTATTACAACAGCCATTAACATAAAACCCCCAGCCCTTTCACAATACCAAACCCCTCTATTCGTGTGATCAGTCCTAATCACCGCCATCCTACTACTACTATCACTCCCAGTACTCGCTGCAGGTATTACCATGCTCCTCACGGACCGAAATCTCAATACCACATTCTTTGATCCCGCGGGAGGAGGAGACCCCGTCCTATACCAACACCTCTTC
193155228b1c82f93bd9d7c0ddf57043fcb00bb6,ACTCTCTTCCAAGAAATACTCTTCCAGCTTTAATATGGATATTACTATTTTATCAGTTCTTTCAATAGCAACAGCGTCGCTAATTAGTACCACTAATTTGATATCAACCTATAGGTATATGCGGGGGGCTTCCATGAAAGCAGACTACAGGTTTATACCCCTTTCTGTTTACGGTACCCTTTTCGGGGCGCTCCTATTTACGTTTGCTGCACCTGTTTTAGGCATAGCTATGTTTATGCTCTATTTTGATAGACATGGTATTACAAATTTTTTTAATGTAGCCAAAGGGGGCGACGTGGTTCTATACCAACATCTTTTT
2e3cf2d001dda06a12af2f0be4cb085a2a1f1719,ATTAGCAAGTATTGCTTTCCATTCAGGAGGAGCGGTTGATTGTGCAATTTTTGCTCTTCACGTTGCAGGAGCTTCTTCAATTCTTGGAGCAGTAAACTTCATTACAACTGTAATGAACATGCGAGCACCAGGAATTAGCCTTCACCGAATGCCTCTATTTGTATGAAGTGTTTTCGTAACTGTTGTACTTCTTTTACTAGCTGTACCTGTACTTGCAGGAGCAATTACGATGCTACTAACAGATCGAAACTTCAACACAACTTTCTTTGACCCAGCCGGGGGAGGAGATCCTGTGCTTTACCAGCACCTTTTC
0150e8c7e6355f74f34f1f35f80ca6274d30a7c0,ACTCTCTTCCAAGAAATACTCTTCCAGCTTTAATATGGATATTACTATTTTATCAGTTCTTTCAATAGCAACAGCGTCGCTAATTAGTACCACTAATTTGATATCAACCTATAGGTATATGCGGGGGGCTTCCATGAAAGCAGACTACAGGTTTATACCCCTTTCTGTTTACGGTACCCTTTTCGGGGCGCTCCTATTTACGTTTGCTGCACCTGTTTTAGGCATAGCTATGTTTATGCTCTATTTTGATAGACATGGTATTACAAATTTTTTTAATGTAGCCAAAGGGGGCGACGTAGTTCTATACCAACATCTTTTT
4b06f2cea79cc95277be1e8a11f135aa9825ae44,TCTAGCTGGTGTTAGTGGTCACTCTGGTCCTTCAATTGATTTAGCTATTTTTAGCTTACATTTAGCAGGTGCTTCATCTATCTTAGGTGCCATTAATTTCATTACAACAATTTTTAATATGAGAGCTCCTGGTTTACATTATTATCGATTGCCTCTTTTCGTTTGGGCTGTTTTGATTACTGCTTTTCTTCTTCTTTTATCTTTACCGGTGTTAGCAGGAGCAATTACAATGTTATTAACAGATCGTAATTTTAATACAACATTTTTTGAGCCAGCTGGTGGTGGAGACCCAATTTTATATCAACATCTTTTT
237b10c5a4e852622e815af2fe3f7263bd1d59cb,ATTGTCTTCTAAAGCTGGTCAACCCGGACCTGCAATGGACTTTGCAATTTTAAGTTTACACTTAGCTGGAGCTTCATCAATTTTAGGTGCAGTAAACTTTATTACTACAATCTTAAACATGAGAACCCCAGGTATGACACTGCATAAAATGCCTTTGTTTGCTTGGTCTATTTTAGTTACAGCATTCTTATTGTTACTTTCATTGCCGGTTTTAGCAGGTGCAATCACAATGCTTTTAACTGACAGAAATTTTGGTACCGCCTTTTTTGATGCACAAACAGGAGGGGATCCTGTCCTCTTCCAGCATTTATTT
ef58fe9819f05f8ed8d0d5eefa403637f33fb10c,GTTAAGAAGAAACATTGCCCATGGGGGTGCATCTGTAGATCTCGCTATTTTCTCATTACACTTAGCGGGTGTATCCTCTTTACTAGGAGCGGTTAACTTTATTAGCACCCTAAGAAATTTACGTGCCATAGGAATGTTAATAGACCGAATGCCCTTGTTTCCATGAGCGGTGCTTGTAACTGCCGTACTACTACTTCTATCTCTGCCAGTACTAGCTGGGGCTATCACAATGCTTCTAACAGATCGTAACTTTAACTCTTCTTTTTACGACCCTAGGGGAGGAGGGGACCCCTTACTCTACCAACATCTATTT
a4289b6baaabb9e61beae114c433c65eceac82c0,TTTATCATCAATTGAATTTCATTCAGGAGGATCAATTGATCTGGCCATTTTTAGCCTGCACCTAGCCGGAATATCATCCATATTAGGAGCTATGAATTTCATCACAACAATTTTAAATATGAGAACACCTGGAATGACTATGCATAGAATGCCACTATTTGTTTGAGCCGTATTCATCACGGCCATTCTACTCCTTTTATCACTTCCAGTATTAGCAGGAGCCATTACTATGTTACTAACAGATAGAAACTTTAATACTTCATTTTTTGATCCAGCCGGAGGAGGAGACCCAATTCTATATCAACACCTCTTT
bdaec3b26f101e12dd517b77ce3afd80dad3f0a2,TTTATCATCTAAAGCTGGTCAACCCGGACCTGCAATGGATTTTGCAATTTTAAGTTTACACTTAGCTGGAGCTTCATCAATTTTAGGTGCAGTAAACTTTATTACTACAATCTTAAACATGAGAACCCCAGGTATGACACTGCATAAAATGCCTTTGTTTGCTTGGTCTATTTTAGTTACAGCATTCTTATTGTTACTTTCATTGCCGGTTTTAGCAGGTGCAATCACAATGCTTTTAACTGACAGAAATTTTGGTACCGCCTTTTTTGATGCACAAACAGGAGGGGATCCTGTCCTCTTCCAGCATTTATTT
2b08d18b5073585a8e633ca09edac896fb0fd9e5,ATTATCTTCTAAAGCTGGTCAACCCGGACCTGCGATGGATTTTGCAATTTTAAGTTTACACTTAGCTGGAGCTTCATCAATTTTAGGTGCAGTAAACTTTATTACTACAATCTTAAACATGAGAACCCCAGGTATGACACTGCATAAAATGCCTTTGTTTGCTTGGTCTATTTTAGTTACAGCATTCTTATTGTTACTTTCATTGCCGGTTTTAGCAGGTGCAATCACAATGCTTTTAACTGACAGAAATTTTGGTACCGCCTTTTTTGATGCACAAACAGGAGGGGATCCTGTCCTCTTCCAGCATTTATTT
9bef20394cc1e5c27e07e8d69843c2b3bd0d162c,ATTAAGTGGAAATATTGCTCATTCTGGCGGAGCTGTAGATCTTAGTATTTTTAGTTTACATATAGCTGGTGTTTCTTCTATAGCAGGAGCTTTAAATTTCATAACTACTTTATTTAATATGAAATCTGAAGGGTTAATTTTTAGTAGATTAGGATTATATCCTTGATCAGTATTGATTACTGCATTTTTACTATTATTATCTTTACCTGTTTTAGCTGGAGGTATTACAATGTTATTAACAGATAGAAATTTTGATACTAATTTTTTTGAAAGTGAAGGTGGTGGAGATCCTATTTTATTTCAACATCTTTTT
81c0354d62ea904600c11f40ec083079d953aec8,GTTATCAACTTTCTCGTATCATGGAATGTGTATAGACTTAGCAATTTTAAGGCTTCATTTAGCTGGTATTAGGTCAATTTTTAGATCAATTAATTTTATGGTTACAATTACTAATATGCGTTCAGTAGACGGGCATTTATTAGCGTTATTTCCGTGATCAATTAAAGTAACATCATTTTTACTACTAACTACCTTACCTGTACTAGCTGGGGGTTTGACTATATTACTTACAGATCGTCATTTTAATACTTCTTTCTTTGACCCTGTTGGGGGCGGAGATCCGGTATTATTCCAGCACTTATTC
fafd5f8e7953c382da2df53eb7c7006d2e0b7677,TCTCTCTAGAAACATAGCACACGCAGGAGGATCAGTAGACCTTGCTATTTTTTCTTTACACTTAGCCGGTGCCTCTTCAATTCTGGCATCTATAAACTTCATTACTACTATTATTAATATGCGGACCCCTGGAATCTCCTTTGACCGACTTCCTTTATTTGTGTGATCAGTTTTTGTGACCGCCTTCCTTTTACTCCTGTCTCTCCCAGTTTTAGCAGGAGCAATTACAATGCTTTTAACAGACCGAAACATAAATACCACATTCTTTGACCCAGCAGGAGGGGGTGATCCTATTCTCTTTCAGCATCTTTTC
29a25f59c9ab313dba122a19685cb555355f2415,TTTGGCAGGTATTCAAGCTCACTCAGGCGCTTCGGTTGACTTGGCTATTTTTAGTCTTCATTTGGCCGGTGTATCTTCAATTTTAGGTGCAATTAACTTCATTGTAACTATTATCAATATGAGAGCTCCGGGTATGGTGGCTCATAGGGCACCTTTGTTTGTTTGAGCTGTTTTCATAACGGCGTTCCTGTTGTTACTATCTTTGCCTGTACTTGCTGGTGCAATAACTATGCTTTTAACGGATAGAAACTTTAACACAGCATTCTTTGATCCTAACGGCGGCGGTGATCCTGTATTGTATCAGCACCTGTTC
0d570a956da2ad3d00b103e6bed106d6f42b358e,TCTAAGGGGTCCCATCGGCCACGGAGGTGCGTCAGTGGACTTGGCGATTTTTTCGCTCCACTTAGCAGGGATGTCATCTATTCTAGGTGCGGTAAACTTTATTACTACTATCTTCAATATGCGATCTCCGGGTATAACCATGGAACGACTAAGCTTATTTGTTTGGTCTGTGTTAGTCACAGCATTTTTACTACTACTTTCCCTTCCTGTATTAGCGGGGGCTATTACTATGTTATTGACCGACCGAAATTTTAATACTAGATTCTTTGACCCAGCGGGTGGGGGTGATCCTATCTTGTACCAACACTTATTT
3716ec47a8a97109791958586e9248bd6dbf10d2,TCTTTCTAGAAATATTGCGCATGCTGGAAGGTCTGTAGATTTTGCAATTTTTTCACTACATTTAGCTGGAGTTAGGTCTATCTTAGGAGCAGTTAATTTTATTAGAACGTTAGGAAACCTCCGTGCTTTCGGAATAATTCTAGATCGAATACCTCTATTCGCTTGATCAGTTCTTATTACTGCAGTACTATTGCTGCTTTCTTTGCCAGTTTTAGCGGGAGCTATTACTATATTGTTAACAGATCGAAATTTAAACTCTAGGTTCTATGATGCTAGAGGAGGAGGAGATCCAATTTTATATCAGCATTTATTC
8cf99552d190ecc29f2db9eae66b747b89a8214d,ATTATCTTCTAAAGCTGGTCAACCCGGACCTGCAATGGACTTTGCAATTTTAAGTTTACACTTAGCTGGAGCTTCATCAATTTTAGGTGCAGTAAACTTTATTACTACAATCTTAAACATGAGAACCCCAGGTATGACACTGCATAAAATGCCTTTGTTTGCTTGGTCTATTTTAGTTACAGCATTCTTATTGTTACTTTCATTGCCGGTTTTAGCAGGTGCAATCACAATGCTTTTAACTGACAGAAATTTTGGTACCGCCTTTTTTGATGCACAAACAGGAGGGGATCCTGTCCTCTTCCAGCATTTATTT
64ea39f82f15850a00dcfe5064857ee9926c970d,TTTGAGTTCGATTACTGGCCATAGTTCTCCTGCAGTAGATATGGCTATTTTTTCCCTTCACTTAGCTGGAGCTTCTTCAATACTTGGTGCAGTAAACTTCATTACCACTATTCTTAATATGAGAGCTCCTGGAATGACACTTCATAAAATGCCATTATTTGCATGGGCTATGTTAGTTACTGCTTTTCTTCTTCTTTTAGCTGTTCCTGTTTTGGGCGGAGCTATCACTATGTTACTCACTGACCGAAACTTTGGAACTACATTTTTTGATCCAGCTGGTGGAGGTGACCCCGTTCTTTTCCAACACCTTTTC
dc5e4645e65d20f452898123187a80d522b86bdb,ATTGTCTTCTAAAGCTGGTCAACCTGGACCTGCAATGGACTTTGCAATTTTAAGTTTACACTTAGCTGGAGCTTCATCAATTTTAGGTGCAGTAAACTTTATTACTACAATCTTAAACATGAGAACCCCAGGTATGACACTGCATAAAATGCCTTTGTTTGCTTGGTCTATTTTAGTTACAGCATTCTTATTGTTACTTTCATTGCCGGTTTTAGCAGGTGCAATCACAATGCTTTTAACTGACAGAAATTTTGGTACCGCCTTTTTTGATGCACAAACAGGAGGGGATCCTGTCCTCTTCCAGCATTTATTT
99dd62fa68b371af40b1495b9224664f7ba5d584,CCTAGCCGGAAACCTAGCCCACGCCGGGCCATCCGTAGATTTAACTATCTTCTCTCTACACTTAGCCGGAGTATCTTCCATCCTCGGAGCAATTAACTTTATTACAACAGCAATCAACATAAAACCCCCAGCAATATCCCAATACCAAACACCACTATTTGTGTGATCCGTCCTAATTACAGCTGTACTTCTCCTACTATCCCTACCAGTACTAGCTGCTGGAATTACAATACTACTCACAGACCGCAACTTAAACACAACCTTCTTTGACCCCGCAGGGGGAGGAGATCCCATCCTATACCAACACCTCTTC
391312bf9c2c070b0d1afdbc609959fec1c1773a,ATTGTCAAGTGCAACAGCTCACTCTGGAGGTTCTGTGGATTTAGCAATTTTTAGTTTGCATTTATCTGGTGCTTCTTCTATCTTAGGTGCTATTAATTTTATTTGTACAATTTTTAATATGCGAGTAAAGAGTTTGTCTTTTCATAATCTTCCTTTATTTGTGTGGTCTGTTCTAATTACAGCATTTTTATTGTTGCTATCTTTACCTGTACTAGCAGGAGCAATCACAATGTTGTTAACAGATAGAAATTTTAATACTACTTTTTTTGATCCTGCCGGAGGTGGTGATCCTGTATTATTTCAGCATCTTTTC
6c00654b15e89b436848e8609581cfc9e9174448,TTTATCAGGACCACAAACTCATTCGGGAGGATCTGTAGATATGGCAATATTTAGTTTACATTGTGCAGGTGCTTCATCTATTATGGGAGCAATAAATTTTATTACTACCATATTTAATATGAGAGCACCTGGATTAACCCTAGATAAACTACCATTATTTGTTTGGTCTGTTTTGATTACAGCATTTTTATTATTACTATCATTACCAGTTTTAGCTGGTGCAATAACTATGTTATTAACAGATAGAAATTTTAATACAACATTTTTTGACCCTGCAGGAGGGGGTGACCCTGTTTTATACCAACATTTATTT
276c1540c5796320f7675ce93ba9af3a2f4995c5,ATTGTCTTCTAAAGCTGGTCAACCCGGACCTGCAATGGACTTTGCAATTTTAAGTTTACACTTAGCTGGAGCTTCATCAATTTTAGGTGCAGTAAACTTTATTACTACAATCTTAAACATGAGAACCCCAGGTATGACACTGCATAAAATGCCTTTGTTTGCTTGGTCTATTTTAGTTACAGCATTCTTATTGTTACTTTCATTGCCAGTTTTAGCAGGTGCAATCACAATGCTTTTAACTGACAGAAATTTTGGTACCGCCTTTTTTGATGCACAAACAGGAGGGGATCCTGTCCTCTTCCAGCATTTATTT
7e7e3c444e485b1ef8a2ba9be584a5691c6ef8e9,TCTATCTAGTAATATTGCCCACGCTGGAAGTTCAGTTGACTTTGCTATTTTTTCATTACATTTAGCTGGAGTAAGATCAATTTTAGGCGCAGTAAATTTTATCAGGACCTTAGGGAATTTACGAGTGTTTGGAATATTATTAGATCGAATACCATTATTTGCGTGGGCTGTCTTAATCACAGCAGTACTTTTATTATTATCTTTACCTGTTTTAGCGGGGGCTATTACTATGTTACTAACAGATCGAAATTTAAATACTACTTTTTATGATGTTGGAGGAGGAGGAGACCCTATTTTGTATCAGCATCTATTT
d8ed22edb9b4c9c2eccdde41cecb635458209e93,TCTTGCAAGTATTCAGTTCCACTCTGGTGGTGCTGTTGATTGTGCTATTTTTGCACTTCACGTAGCAGGAGCTTCTTCTATTCTTGGAGCTATTAACTTCATTACAACTATTATGAACATGCGAGCGCCAGGTATCAGTCTTCACCGAATGCCTTTATTCGTATGAAGTATCCTTGTAACTGTAGTTTTACTTCTTTTAGCTGTACCTGTTCTTGCTGGTGCAATTACTATGCTATTAACTGATCGAAACTTTAACACAACTTTCTTTGACCCTGCTGGGGGAGGAGATCCAGTTCTATACCAACACCTATTC
605adabd0e3ab806c3f02eb261142e9cca50a3c6,TCTTTCTAGAAATATTGCGCATGCTGGAAGGTCTGTAGATTTTGCAATTTTTTCACTACATTTAGCTGGAGTTAGGTCTATCTTAGGAGCAGTTAATTTTATCAGAACGTTAGGAAACCTCCGTGCTTTCGGAATAATTCTAGATCGAATACCTCTATTCGCTTGATCAGTTCTTATTACTGCAGTACTATTGCTGCTTTCTTTGCCAGTTTTAGCGGGAGCTATTACTATATTGTTAACAGACCGAAATTTAAACTCTAGGTTCTATGATGCTAGAGGAGGAGGAGATCCAATTTTATATCAGCATTTATTC
29623b49d2fac1d7f8d9ac5128f84e5efbd3ba6c,CTTTCTGCTAACCTTGCCCACGCAGGCCCTTCTGTAGACCTTGCTATTTTTTCTCTTCACTTAGCGGGGGTTTCATCTATTTTAGGTGCGTTGAACTTTATTACGACTGTAATTAACATGCGAATAGAAGGACTACGAATAGAGCGAATGCCTTTATTTGTGTGGGCCGTTTTTATTACTGCTATTTTGTTACTTCTCTCCCTCCCTGTTTTGGCTGGAGGCATCACCATGCTTTTAACTGACCGAAACTTGAACACTAGCTTCTTTGATCCCGCGGGCGGAGGAGACCCTATTTTGTACCAACACCTCTTC
6dbe3cfb86fd77e6adb9ae94f9037cb3f6850488,TTTGAGTAGAAATATTGCTCACAGAGGAGCCTCTGTTGATTTTGCCATTTTCTCTTTACATTTAGCAGGAATCTCTTCTCTACTAGGGGCAGTTAACTTTATTAGGACCTTAGGTAACCTTCGTATCTTTGGAATACTTTTGGAGCGAATACCGCTGTTTGCTTGATCGGTTTTAGTGACAGCTGTTTTATTGCTTCTCTCCCTACCCGTATTGGCTGGGGCTATCACCATACTTCTGACGGACCGAAACCTGAACAGAAGATTTTATGATGTAGCGGGAGGGGGGGACCCCGTTCTTTACCAACACCTGTTT
256972f3b99781b37d3b65737c5e55ae5bffc305,GTTAAGAAGTAACTTGGCGCATGCTGGGGCATCAGTGGATTTTGCAATTTTCTCTTTACATCTTGCAGGGATTTCTTCGTTACTAGGGGCGGTAAACTTTATCAGAACATTAGGAAATTTGCGTGCCTATGGAATAGGGCTGGATAATGTGCCTTTATTTGCTTGGGCGGTATTTATCACTGCTGTGCTTTTACTTTTATCTTTGCCTGTGTTAGCCGGGGCGATCACTATACTTCTAACTGACCGTAACTTAAACACAGCTTTTTATGACGTTGCAGGAGGGGGGGACCCCGTACTTTATCAGCACTTATTT
82a71addba6140ae5c1f99a613c2848619200cf4,ACTCTCTTCCAAGAAATACTCTTCCAGCTTTAATATGGATATTACTATTTTATCAGTTCTTTCAATAGCAACAGCGTCGCTAATTAGTACCACTAATTTGATATCAACCTATAGGTATATGCGGGGGGCTTCCATGAAAGCAGACTACAGGTTTATACCCCTTTCTGTTTACGGTACCCTTTTCGGGGCGCTCCTATTTACGTTTGCCGCACCTGTTTTAGGCATAGCTATGTTTATGCTCTATTTTGATAGACATGGTATTACAAATTTTTTTAATGTAGCCAAAGGGGGCGACGTAGTTCTATACCAACATCTCTTT
441d314f6c1e9fe949abc5f9710c37f5562f3ac2,ATTATCTTCTAAAGCTGGTCAACCCGGACCTGCAATGGATTTTGCAATTTTAAGTTTACACTTAGCTGGAGCTTCATCAATTTTAGGTGCAGTAAATTTTATTACTACAATCTTAAACATGAGAACCCCAGGTATGACACTGCATAAAATGCCTTTGTTTGCTTGGTCTATTTTAGTTACAGCATTCTTATTGTTACTTTCATTGCCGGTTTTAGCAGGTGCAATCACAATGCTTTTAACTGACAGAAATTTTGGTACTGCCTTTTTTGATGCACAAACAGGAGGGGATCCTGTCCTCTTCCAGCATTTATTT
0a6c39c31b47ebe9d9f2ba838244afc7f3617ffd,TTTATCAAGTGCAACAGCCCATTCTGGGGGTTCTGTAGATTTAGCAATATTCAGTTTACATTTATCAGGTGCGTCTTCTATTTTAGGTGCTATTAACTTCATTTGTACTATCTTTAATATGCGAGTAAAAAGTTTATCTTTTCATAATCTTCCTTTATTTGTATGGTCTGTTTTAATAACAGCATTTTTGTTATTATTATCTCTGCCTGTTTTAGCTGGAGCTATTACAATGTTATTAACCGATAGAAATTTTAACACTACCTTCTTCGACCCTGCTGGTGGAGGCGACCCTGTTTTGTTTCAGCATCTTTTC
a0806a52e9bfe457c39848af06ac1b37bb883853,GTTATCAACTTTCTCGTATCATGGAATGTGTATAGACTTAGCAATTTTAAGGCTTCATTTAGCCGGTATTAGGTCAATTTTTAGATCAATTAATTTTATGGTTACAATTACTAATATGCGTTCAGTAGACGGGCATTTATTAGCGTTATTTCCGTGATCAATTAAAGTAACATCATTTTTACTACTAACTACCTTACCTGTACTAGCTGGGGGTTTGACTATATTACTTACAGATCGTCATTTTAATACTTCTTTCTTTGACCCTGTTGGGGGCGGAGATCCGGTATTATTCCAGCACTTATTC
04d84fa3480b760f7a43019da9fa1ac933937959,CCTTTCTGCTAACCTTGCCCACGCAGGCCCTTCTGTAGACCTTGCTATTTTTTCTCTTCACTTAGCGGGGGTTTCATCTATTTTAGGTGCGTTGAACTTTATTACGACTGTAATTAACATGCGAATAGAAGGACTACGAATAGAGCGAATGCCTTTATTTGTGTGGGCCGTTTTTATTACTGCTATTTTGTTACTTCTCTCCCTCCCTGTTTTGGCTGGAGGCATCACCATGCTTTTAACTGACCGAAACTTGAACACTAGCTTCTTTGATCCCGCGGGCGGAGGAGACCCTATTTTGTACCAACACCTCTTC
95da530ef60b2b1d10b3f0735d0c4e87f5ab7106,TTTAAGTTCCATCACCGGGCATAGTTCTCCTGCAGTAGATATGGCTATTTTTTCTCTTCACTTAGCTGGAGCCTCTTCTATTTTAGGCGCAGTGAACTTCATTACGACTATTCTTAATATGAGAGCACCTGGAATGACCCTCCATAAGATGCCTTTATTTGCTTGGGCGATGTTAGTTACCGCTTTCCTTCTATTATTAGCTGTTCCTGTATTAGGTGGAGCTATTACGATGCTTTTAACAGACCGTAACTTTGGAACTACCTTTTTTGATCCAGCTGGAGGTGGAGATCCTGTTCTTTTTCAACATCTTTTC
1bde88473fc2ee496e0dc0f83bea8bf8861932df,ATTATCATCTATCGAATATCACTCTGGAGGTGCGGTAGATTTAGCAATTTTTTCATTGCATTTGGCAGGGATTAGTTCTATTTTAGGAGCGGCAAATTTTATTACTACAATAATAAATATGAGAGCACCTGGAATGACAATGCATAAAATGCCATTATTCTGTTGAGCAGTATTTGTAACAGCGATACTTTTATTATTATCTTTACCAGTATTAGCTGGTGCGATTACTATGTTATTAACAGATAGAAACTTTAACACAAGTTTCTTTGACCCAGCTGGAGGGGGAGATCCTATATTATACCAACACTTGTTC
a644ed8693c9adf31b5b45f57375a2e5493ef6da,GTTATCAACTTTCTCGTATCATGGAATGTGTATAGACTTAGCAATTTTAAGGCTTCATTTAGCTGGTATTAGGTCAATTTTTAGATCAATTAATTTTATGGTTACAATTACTAATATGCGTTCAGTAGACGGGCATTTATTAGCGTTATTTCCGTGATCAATTAAAGTAACATCATTTTTACTACTAACTACCTTACCTGTACTAGCTGGGGGTTTGACTATATTACTTACAGATCGTCATTTTAATACTTCTTTCTTTGACCCTGTTGGGGGCGGAGATCCGGTATTATTCTAGCACTTATTC
fe741eacccd370d7a3b2a4a7b71e706d023d05ec,ATTAAGTGCCTTAGAAAAGGCCATGCCAGGTTCTGGTTTGGGTATGACTTTATGGTTAGCTGCGATTGCTTTGTTTATCGTAAGTTCTTTATTAGGTGGTATTAACTATATCTCTACCGTATTGAACATGCGTACCAAAGGAATGAGCATGAATCGTATGCCATTAACTATTTGGGCATTCTTCTTTACAGCGATTCTTGGTTTACTTTCTTTCCCAGTATTGTTGGGAGCAGCTATATTCTTGATTTTCGACCGTTCATTTGGAACGAGTTTCTACCTCAGTGATATCTATCTTGAGGGTGTAGGTGCACTTGAAAATATTGGAGGTAGTCCTGTATTATACCAGCACTTATTC
0e7ba2ca510850a640ae27b14525a078d80f06ed,TTTCTGCTAACCTTGCCCACGCAGGCCCTTCTGTAGACCTTGCTATTTTTTCTCTTCACTTAGCGGGGGTTTCATCTATTTTAGGTGCGTTGAACTTTATTACGACTGTAATTAACATGCGAATAGAAGGACTACGAATAGAGCGAATGCCTTTATTTGTGTGGGCCGTTTTTATTACTGCTATTTTGTTACTTCTCTCCCTCCCTGTTTTGGCTGGAGGCATCACCATGCTTTTAACTGACCGAAACTTGAACACTAGCTTCTTTGATCCCGCGGGCGGAGGAGACCCTATTTTGTACCAACACCTCTTC
fe811f29ee8a6665c760ab0d98f557832770dfdd,ATTATCTTCTAAAGCTGGTCAACCCGGACCTGCAATGGACTTTGCAATTTTAAGTTTACATTTAGCTGGAGCTTCATCAATTTTAGGTGCAGTAAACTTTATTACTACAATCTTAAACATGAGAACCCCAGGTATGACACTGCATAAAATGCCTTTGTTTGCTTGGTCTATTTTAGTTACAGCATTCTTATTGTTACTTTCATTGCCAGTTTTAGCAGGTGCAATCACAATGCTTTTAACTGACAGAAATTTTGGTACCGCCTTTTTTGATGCACAAACAGGAGGGGATCCTGTCCTCTTCCAGCATTTATTT
7f32997f5080554dd4b382fde4d0a88878c386e6,TTTATCAGGAATTGCTGCACATTCAGGACCTTCTATAGATTTAGCTATATTTAGCTTACACTTAGCAGGTGCTTCTTCAATTTTAGGTGCCTCGAATTTTATTACAACTATTTTTAATATGAGAGCTCCTGGTATGTATTTACATAAAATGCCTTTATTTGTATGGTCCGTATTAATTACAGCTTTTTTATTATTACTTTCTTTACCGGTATTAGCCGGTGCTATTACGATGTTATTAACAGATCGTAATTTTAATACAACTTTTTTTGATCCTGCAGGTGGGGGAGATCCCGTACTTTATCAACATTTATTT
43c50ccbfbcc8a542c69a481e4967592987f6133,TCTTTCAAGTGGAACTTCTCATTCAGGTGGAGCTGTTGATTTAGCTATTTTCAGTTTACATCTTTCAGGAGCTTCATCAATTCTAGGAGCAATTAATTTTATATGTACCATCTTTAACATGAGGGTAAAAAGTTTGTCATTCCATAACTTACCTCTTTTCGTTTGGGCTGTTCTAATTACAGCTTTCCTACTGTTGTTGTCTTTACCTGTATTAGCAGGAGCAATAACAATGCTATTGACCGATAGAAATTTCAACACTACTTTCTTCGATCCTGCTGGGGGAGGAGATCCTGTGTTGTATCAACATTTATTT
98eddbd1218f13364c779e949d28c3585e72490f,TTTGAGTTCCATCACCGGACACAGTTCTCCTGCAGTAGATATGGCTATTTTTTCTCTTCACTTAGCGGGAGCCTCTTCTATTTTAGGCGCAGTGAACTTCATTACGACTATTCTTAATATGAGGGCACCTGGAATGACCCTCCATAAGATGCCTTTATTTGCTTGGGCGATGTTAGTTACCGCTTTCCTTCTATTGTTAGCTGTTCCTGTATTAGGTGGAGCTATTACGATGCTTTTAACAGACCGTAACTTTGGAACTACCTTTTTTGATCCAGCTGGAGGTGGAGATCCTGTTCTTTTTCAACATCTTTTC
216d1beb70f439a502b6b59e4d7158dc9ed8f409,TTTATCAGGGCCACAAACTCATTCGGGAGGATCTGTAGATATGGCAATATTTAGTTTACATTGTGCAGGTGCTTCATCTATTATGGGAGCAATAAATTTTATTACTACCATATTTAATATGAGAGCACCTGGATTAACCCTAGATAAACTACCATTATTTGTTTGGTCTGTTTTGATTACAGCATTTTTATTATTACTATCATTACCAGTTTTAGCTGGTGCAATAACTATGTTATTAACAGATAGAAATTTTAATACAACATTTTTTGACCCTGCAGGAGGGGGTGACCCTGTTTTATACCAACATTTATTT
af55f83e8bc1dae6fd7e3d9c3ce94c1930c87b98,GTTAAGTAGTGTACAGGCACATTCAGGTCCTGCCGTTGATTTAGCGATTTTTAGTTTACACTTGTCTGGAGCTTCTTCAATTTTAGGAGCTATCAACTTTATTACAACAATCCTAAATATGCGTGCACCTGGAATGAGTATGCACCGTTTACCTTTAATGGTTTGGTCGGTTTTCATTACCGCTATACTACTACTTTTATCTTTACCTGTTTTAGCTGGTGCAATTACCATGCTTTTAACAGATAGAAACTTTAACACAACATTTTTTGATCCTGCTGGAGGAGGAGATCCTGTATTATATCAGCACCTTTTC
94226c24e7e007ecc8810dbf0f907b3491a1621d,TCTTTCAGGAATTATTGCTCACTCAGGTGGTGCAGTAGATTTAGCAATTTTCAGTCTTCATTTATCTGGAGCAGCTTCTATTTTAGGTGCAATTAACTTTATTTGTACTATTGTTAACATGAGAACTGAAAGTCTTCCTTTCCACAAGTTACCTCTATTCGTATGGGCTGTTTTCATTACTGCAATTTTATTATTGTTATCTCTACCAGTATTAGCAGGTGCTATTACCATGTTATTAACTGATAGAAATTTCAATACTACATTCTTCGATCCAGCAGGTGGAGGTGATCCTGTATTGTATCAGCATTTATTC
a8c12cdde4bd889ee75aedfad680095c8b4b368c,ACTTTCGAGCATTCTCGCGCACTCAGGGGGTGCTGTAGATCTTGCAATTTTTTCCCTGCATCTTTCTGGAATTTCTTCCATTCTTGGGGCAATTAATTTCATTACCACCATCTTTAATATGCGTTGTCCTGGTATGGTTATGCACCGTCTTCCCCTTTTTGTTTGGTCGATCCTAATTACTGCTTTTCTACTGCTTCTAAGCCTACCCGTTCTTGCGGGTGCAATTACCATGCTACTTACTGATCGAAATTTCAACACTAGTTTTTTTGATCCTGCCGGTGGAGGAGACCCTATTCTATATCAACATCTTTTT
4d4d8e1854804b5718a347fd5bf9af41f04cd739,ATTGTCTTCTAAAGCTGGTCAACCCGGACCTGCAATGGACTTTGCAATTTTAAGTTTACACTTAGCTGGAGCTTCATCAATTTTAGGTGCAGTAAACTTTATTACTACAATCTTAAACATGAGAACCCCAGGTATGACACTGCATAAAATGCCCTTGTTTGCTTGGTCTATTCTAGTCACAGCATTCTTATTGTTACTTTCATTGCCAGTTTTAGCAGGTGCAATCACAATGCTTTTAACTGACAGAAATTTTGGTACCGCCTTTTTTGATGCACAAACAGGAGGGGATCCTGTCCTCTTCCAGCATTTATTT
f1ca50537bbdc21ccfc760942feab77ccd5532bb,ATTATCATCTATCGAATATCACTCTGGAGGTGCGGTAGATTTAGCAATTTTTTCATTGCATTTGGCAGGGATTAGTTCTATTTTAGGAGCGGCAAATTTCATTACTACAATAATAAATATGAGAGCACCTGGAATGACAATGCATAAAATGCCATTATTCTGTTGAGCAGTATTTGTAACAGCGATACTTTTATTATTATCTTTACCAGTATTAGCTGGTGCGATTACTATGTTATTAACAGATAGAAACTTTAACACAAGTTTCTTTGACCCAGCTGGAGGGGGAGATCCTATATTATACCAACACTTGTTC
a55f760aa6a6ee0f925c0e7341fed52678435c7a,TTTAAGTAGTGTACAAGCACATTCTGGTCCTTCGGTGGATTTAGCTATTTTTAGTCTACACCTTTCAGGAGCTTCGTCAATTTTAGGAGCGATTAATTTTATCACTACTATCTTCAATATGCGAGCGCCTGGTATGACTATGCACCGTCTGCCGTTATTTGTGTGGGCCATTCTAATTACCGCATTCTTACTGTTATTATCGTTACCTGTTCTAGCTGGTGCAATTACCATGTTATTAACTGATCGTAACTTTAATACTACCTTCTTTGACCCTGCCGGTGGTGGAGATCCTGTACTTTACCAACATTTATTT
9af714931d4bc4781faa50dd532a9a5475a30c99,TCTTTCTAGAAATATTGCGCATGCTGGAAGGTCTGTAGATTTTGCAATTTTTTCACTACATTTAGCTGGAGTTAGGTCTATCTTAGGAGCAGTTAATTTTATTAGAACGTTAGGAAACCTCCGTGCTTTCGGAATAATTCTAGATCGAATACCTCTATTCGCTTGGTCAGTTCTTATTACTGCAGTACTATTGCTGCTTTCTTTGCCAGTTTTAGCGGGAGCTATTACTATATTGTTAACAGATCGAAATTTAAACTCTAGGTTCTATGATGCTAGAGGAGGAGGAGATCCAATTTTATATCAGCATTTATTC
5a875fe22da0397c88d64a330e977f8c64d6ab98,GCTTTCTGGAATTTTAGCTCACTCTGGAGGAGCTGTAGATTTAGCTATCTTTAGTTTACATTTAGCTGGAATTTCATCGATTTTAGGTGCTATAAACTTTATTGTTACAATTTTAAACATGCGATGCCCTGGAATGACAGCTCACAGAACTCCATTATTCGTTTGAGCTGTTTTCATTACAGCTTTTTTATTATTACTTTCTTTACCTGTTTTAGCGGGTGCTATTACAATGCTTCTAACAGATAGAAATTTTAATACTTCTTTCTTCGATCCGAATGGTGGAGGAGATCCTGTTCTATATCAGCACCTTTTT
cedfd8e3aa1835541f5c4841fc86dbb967d9800c,GTTATCAACTTTCTCGTATCATGGAATGTGTATAGACTTAGCAATTTTAAGGCTTCATTTAGCTGGTATTAGGTCAATTTTTAGATCAATTAATTTTATGGTTACAATTACTAATATGCGTTCAGTAGACGGGCATTTATTGGCGTTATTTCCGTGATCAATTAAAGTAACATCATTTTTACTACTAACTACCTTACCTGTACTAGCTGGGGGTTTGACTATATTACTTACAGATCGTCATTTTAATACTTCTTTCTTTGACCCTGTTGGGGGCGGAGATCCGGTATTATTCCAGCACTTATTC
179ce671ea3ef78931776bc68ca1ae15cba6c563,ATTGAGTGCCTTGCCACTAGCGCAAGGAGGGTCTGGAGCTGGAATGACTTTATGGTTGGTGTCCATGGCTATTTTTATTGCCTCCTCATTATTAGGATCACTAAACTATATTGTAACAGTTCTAAACCTCAGAACAAAAGGAATGTCAATGACAAGACTTCCCTTAACAATATGGGCGTTTTTTATCACTGCTGTGATTGGAGTCGTATCCTTTCCCGTATTACTATCGGCGGCCTTATTACTCATCATGGACCGTAGTTTTGGAACCTCGTTCTTCTTATCAGATATATTTATTCAAGGGGAAGTATTACATTATCAAGGTGGATCTCCCGTATTATTTGAGCACTTATTC
a7066d42cd68d60cb0211beae6c63fadede0092c,ATTGAGAAGTAATTTAGCTCATGCTGGAGCTTCAGTTGATTTTGCTATTTTTTCTTTACATTTAGCAGGGATTTCTTCGTTATTAGGGGCAGTAAATTTTATCAGAACTCTAGGAAATTTACGTGCTTATGGAATAGGGTTAGACACAGTGCCGTTATTTGCATGAGCCGTGTTTATTACTGCAGTCTTATTGCTATTATCCTTACCAGTGTTAGCTGGAGCAATTACAATACTTTTAACAGATCGTAATTTAAACACAGCATTTTATGATGTGGCAGGAGGCGGGGACCCTGTACTTTACCAACACTTATTT
a7b0b1701f2c00f584c8b9277f2d5f6a37bc927c,TCTAAGATTAAATGTCTCTCATTCGGGAGCTTCTGTGGATTGTGCTATTTTTTCTTTACATCTAGCTGGGGTCTCTTCTATTCTGGGTGCTATAAATTTTATTAGAACAATGTTGAATATACGTTGTATTGGCCTTCAATTAGACGCTATATCATTATTCCCTTGGTCGGTACTAGTAACTACTGTTTTACTGCTTTTAGCTTTGCCCGTTTTAGCAGGAGCAATTACTATACTTTTAACTGATCGAAACTTAAATACTTCTTTTTATGACGTTGGGGGAGGCGGAGATCCTGTTCTTTACCAGCACTTGTTT
a5b1ffd24a3ddb98bd2d87626e94d504a2e55f0b,ATTAGCAAGTATTGCTTTCCATTCAGGAGGAGCGGTTGATTGTACAATTTTTGCTCTTCACGTTGCAGGAGCTTCTTCAATTCTTGGAGCAGTAAACTTCATTACAACTGTAATGAACATGCGAGCACCAGGAATTAGCCTTCACCGAATGCCTCTATTTGTATGAAGTGTTTTCGTAACTGTTGTACTTCTTTTACTAGCTGTACCTGTACTTGCAGGAGCAATTACGATGCTACTAACAGATCGAAACTTCAACACAACTTTCTTTGACCCAGCCTGGGGAGGAGATCCTGTACTTTACCAGCACCTTTTC
43bc6e08e06e64295d1b8fc9b3ff4b5b1c1cc7ef,ATTAAGTAGGAACATTGCACATGCAGGATCTTCTGTTGATTTTGCTATTTTCTCATTACATCTTGCCGGGGTGTCTTCACTATTAGGCGCTGTCAATTTTATTTCTACTTTAGGTAATTTACGTACTTTAGGAATAATGATAGACCGAATACCTTTATTTGCATGAGCTGTATTAGTGACAGCTGTTTTACTTCTTTTGTCTTTACCTGTTTTAGCCGGCGCTATCACCATGCTTCTGACTGATCGAAATTTAAATACTACATTTTATGATAGAGCGGGAGGAGGTGACCCAGTTCTATACCAACATCTTTTT
58f62c44424a119a1d0f5b707d97c27eb50427a0,ACTTTCAAGCGGTAATTCGCACTCAGGTCCTGCCGTAGATTTAGCTATATTTAGCCTACACTTATCAGGTGCAGCATCTATTTTAGGTGCTATCAATTTTATATGTACTATCTTAAACATGAGAACTAAAGGTATGTATATGCATAAATTACCACTATTTGTTTGGTCTATTTTAATTACAGCTGTATTACTTTTATTATCTTTACCTGTTTTAGCAGGTGCTATCACTATGCTGTTAACTGATAGAAATTTTAACACTTCTTTTTTCGATCCTGCAGGAGGAGGAGATCCAGTATTATACCAACATTTATTT
11bc08fa168fbc0beda47d7b0a58d6c7e81f58fa,GTTAAGAAGAAACATTGCCCATGGGGGTGCATCTGTAGATCTCGCTATTTTCTCATTACACTTAGCGGGTGTATCCTCTTTACTAGGAGCGGTTAACTTTATTAGCACCCTAAGAAATTTACGTGCCATAGGAATGTTAATAGACCGAATGCCCTTGTTTCCATGAGCGGTGCTTGTAACTGCCGTACTACTACTTCTATCTCTGCCAGTACTAGCTGGGGCTATCACAATGCTTCTAACAGATCGTAACTTTAACTCTTCTTTTTACGACCCTAGGGGAGGAGGGGACCCCTTACTCTATCAACATCTATTT
f48b3e3759c07361215e643dd762e0e9e17b0234,GTTATCTAGTATCACAGCACATTCAGGAGGATCCGTTGATTTAGCAATTTTCAGTCTTCATTTATCTGGAGCTGCTTCTATTCTTGGGGCAATTAATTTCATTTGTACAATAACTAATATGAGAGCTAAAAGTTTACCATTTCATAGATTACCTTTATTCGCGTGGTCAATTTTTATAACAGCTTTTTTATTACTTTTATCATTACCAGTTTTAGCTGGTGCAATTACTATGTTATTAACTGACCGTAATTTTAACACAACATTCTTTGATCCTGCAGGGGGTGGAGATCCTGTGTTATTTCAACATCTTTTC
2a3bf6ef5a004a1599606d9e3a9c4485e5817b0a,TTTAAGAGCTAATATTGCTCATTCAGGCTCATCAGTAGACTTTGCTATTTTCTCTCTACATTTAGCAGGAGTTTCTTCACTTCTAGGGGCTGCTAACTTTATTAGAACTTTAGGAAACTTACGTTCTTTTGGAATATTATTAGATCGGATACCCTTATTCGCCTGAGCTGTGTTAGTAACTGCTGTATTACTTTTATTATCTTTACCTGTTCTTGCTGGTGCTATTACTATACTTTTAACTGACCGTAATCTAAACACCTCTTTTTATGATGCAAGAGGAGGAGGCGACCCTATTTTATACCAACACTTATTT
0b8ff0c1fa32b248eebeb30d112ea7a57afbd9f1,TTTAAGTTCCATCACCGGGCATAGTTCTCCTGCAGTAGATATGGCTATTTTTTCTCTTCACTTAGCGGGAGCCTCTTCTATTTTAGGCGCAGTGAACTTCATTACGACTATTCTTAATATGAGAGCACCTGGAATGACCCTCCATAAGATGCCTTTATTTGCTTGGGCGATGTTAGTTACCGCTTTCCTTCTATTGTTAGCTGTTCCTGTATTAGGTGGAGCTATTACGATGCTTTTAACAGACCGTAACTTTGGAACTACCTTTTTTGATCCAGCTGGAGGTGGAGATCCTGTTCTTTTTCAACATCTTTTC
87d36b743aa038ef851a63d5a6c337fadcdc8b8f,GTTATCTAGCGTTAGTTCACATTCAGGCGCTTCTGTTGATTTAGCTATTTTTAGTTTACATCTATCAGGAGCTGCATCTATATTAGGAGCTATAAATTTCATAACTACTATATTCAATATGAGAGTAAAAGGATTATTTATGCATAGACTGCCATTATTTGTTTGGTCAATATTAATAACAGCTTTTTTATTATTATTGTCTTTGCCTGTTTTAGCAGGAGCTATAACGATGTTACTAACAGATAGAAATTTTAATACTACTTTTTTTGATCCAGCAGGTGGAGGAGATCCCGTTTTGTTTCAACATTTGTTT
7f884b9443cad026642502a6ff6579aecd04a0c3,TTTATCCGGGAATGTTGCACACGCCGGCCCAGCAGTAGATTTAACTATTTTATCCCTTCATCTAGCTGGGGTATCATCTCTTCTAGGTGCAATTAACTTTACAACTACAATTATAAATAGACGTATAGAGGGAATACCTTCAGAAAAAATGCCTTTATTTATTTGATCTGTGTTAGTGACAGTAGGACTATTAATCTTAGCATTACCTGTTCTAGCAGGAGCATTAACAATATTAATTTTAGACCGTAATTGTAATACATCCTTTTTCGAGCCCACAGGAGGAGGAGATCCTATTCTATTTCAACACTTATTC
bb2809beac4b0e844070fb7dcd7c5a6c13504c67,TTTATCCGGGAATGTTGCACACGCCGGCCCAGCAGTAGATTTAACTATTTTATCCCTTCATCTAGCTGGGGTATCATCTCTTCTAGGTGCAATTAACTTTACAACTACAATTATAAATAGACGTATAGAGGGAATACCTTCAGAAAAAATGCCTTTATTTATTTGATCTGTGTTAGTGACAGTAGGACTATTAATCTTAGCATTACCTGTTCTAGCAGGAGCATTAACAATATTAATTTTAGACCGTAATTGTAATACATCCTTTTTCGAGCCCACAGGAGGAGGGGATCCTATTCTATTTCAACACTTATTC
6fb6945a172139f2575ea3cb5066ec56dca85922,ACTTTCAAGCATTCTCGCGCACTCAGGGGGTGCTGTAGATCTTGCAATTTTTTCCCTGCATCTTTCTGGAATTTCTTCCATTCTTGGGGCAATTAATTTCATTACCACCATCTTTAATATGCGTTGTCCTGGTATGGTTATGCACCGTCTTCCCCTTTTTGTTTGGTCGATCCTAATTACTGCTTTTCTACTGCTTCTAAGCCTACCCGTTCTTGCGGGTGCAATTACCATGCTACTTACTGATCGAAATTTCAACACTAGTTTTTTTGATCCTGCCGGTGGAGGAGACCCTATTCTATATCAACATCTTTTT
586b5ccb86e1266dc4fbddeda2488b846b14c3b8,ATTAAGGTCAAATATTGCTCATAGAGGGATATCTGTAGATTTTGCAATTTTTTCTCTCCATCTTGCGGGAATTTCTTCATTGTTGGGGGCAGTTAATTTTATTAGAACTTTAGGAAATCTGCGTTCTTTGGGAATGGTACTAGAGAGCATACCTCTCTTTGCTTGGGCTGTGCTAATCACTGCGGTGTTACTTTTACTTTCCTTACCCGTGTTAGCAGGGGCTATCACTATGCTTTTAACTGATCGTAACCTGAACACTGCTTTTTATGATGTTGCTGGAGGGGGAGATCCCGTGTTATACCAACATTTGTTT
16fa0a18c8ba5d977bf03891fd9a4f62d52b30b7,ATTGAGTGCCTTGCCATTAGCGCAAGGAGGATCTGGAGCTGGAATGACTTTGTGGTTGGTATCCATGGCCATTTTTATTGCCTCCTCATTATTAGGATCGCTAAACTATATTGTAACAGTTCTAAACCTCAGAACAAAAGGAATGTCAATGACAAGACTTCCCCTAACAATATGGGCTTTTTTTATCACTGCTGTGATTGGAGTTGTATCCTTCCCCGTATTACTATCGGCTGCCTTATTACTCATTATGGACCGTAGTTTTGGAACGTCTTTCTTTTTGTCAGATATTTTTATTCAAGGCGAAGTATTACATTATCAAGGGGGATCACCAGTATTATTCGAGCACTTATTC
4b878acce00f9a3d5cdc1f3344ec325a7dd28784,TCTTTCAAGTGCAACAGCTCATTCAGGAGGTTCCGTAGACTTAGCAATTTTTAGTTTACACGTTTCTGGAGCGTCTTCTATTTTGGGTGCAATCAATTTTATTTGTACTATTTTTAACATGCGAGTTAAGTCTTTGTCTTTTCACAATTTACCATTATTTGTATGATCTGTTTTAATTACTGCTTTCTTATTATTGTTATCTTTACCTGTGTTAGCCGGGGCGATTACTATGCTGTTAACTGATAGAAATTTTAATACTACCTTCTTTGACCCAGCTGGTGGCGGCGATCCTGTGCTATTTCAACATCTTTTT
ecbcc3bd709776326a720729ad74c020c160aa3a,GCTTTCAAGTATTGCTAGCCACTCAGGTGGTGCTGTAGATTTAGCGATTTTTAGTCTACACTTATCAGGTGCTTCAAGTATTCTTGGTGCAATTAACTTTATTACAACTGTAATTAACATGCGTGCTCCAGGTATGAGTATGCACCGCTTACCATTATTTGTATGGGCAGTATTTATTACAGCATTCTTACTTTTATTATCACTTCCAGTATTCGCTGGGGCGATTACTATGTTATTAACTGATCGAAATTTCAATACTACATTCTTTGATCCAGCAGGTGGTGGTGATCCTGTATTATTCCAACACTTATTT
6ac00f203d56255090ad6a9df316573dfb7ade1c,TCTTTCAACCCACGCCTTCCACAGTGGAGGAGCAGTGGATCTTGCGATCTTTTCTCTTCACGTGAGTGGTATGAGTTCGATCCTTGGAGCAATCAACTTTATTTCAACCATCTTCAACATGCGAGGACCTGGAATGGAGATGCACCGAATGCCTCTCTTTGTATGGTCGGTCTTGATTACTGCCTTCCTTCTTCTTCTGAGTCTTCCAGTTCTTGCAGGAGCAATTACTATGCTGTTGACTGATCGAAACTTTAACACAAGCTTCTTTGACCCAGCAGGTGGGGGAGACCCTATCTTGTATCAGCACCTCTTC
b2b23b0d654b34394932c0aa8487a67730824600,ATTATCTAATAAACTTGGTCATGCAGGACCTTCTGTTGATATGGCAATTTTTGCGCTCCACTTAGCTGGAGCCTCCTCAATACTAGGGGCAGTGAATTTCATTACAACTATTTTAAATATGAGAACCCCAGGAATGACTATTCATAAGATGCCTCTTTTTGTATGGGCTATGTTAATCACAGCTTTCTTATTATTATTAGCTGTTCCTGTTCTAGCAGGAGCTATAACTATGCTTCTAACTGATAGAAATTTTGGTACTGCTTTTTTTAACCCTGCAGGTGGTGGAGATCCAGTTTTATTTCAACACTTATTT
406a6e326f12db6e24cdf21a1fc3109c7cd94867,TCAAGCTATTTTGCCAGGCACTCCTGGTTCTAATATGGGAATTACTTTAATGCTTATTTCTTTATCTTTATTTGTAATTGGATTTACTATGGGGGGATTAAATTACATAATTACAATCTTACAAGCTCGTACTAGAGGAATGACATTAATGAGAATGCCTCTAACGATATGGGGAATTTTTACTGCAACAGCTTTGGCTATGTTAGCTTTTCCAGCATTACTGGTTAGTTGTATTATGATGACACTAGATAAGATGCTTGGGACTAGTTTTTTTATGCCAGCAATTCTCCAAGCGGGAGAGGTACTAAGTTATGGAGGTGGAAGTCCTGTTCTTTTCCAACACTTGTTT
b19579eaf67eb2ffcd64caac2fe51c03e12b1c7a,ATTATCAAGTATTACAGCTCACTCTGGTGGAGCGGTAGATTTAGCTATTTTTAGCTTACATTTGTCTGGAGCATCTTCAATTTTAGGAGCCATCAATTTTATATGTACCATAGTAAATATGCGAGCAAAAAATATTGCGTTTCATAGATTGCCTTTATTTGTGTGATCTGTTTTGATTACCGCATTTTTATTGTTATTATCTTTACCGGTACTGGCTGGTGCCATTACAATGTTATTAACAGATCGTAATTTTAATACTACTTTTTTTGATCCTGCAGGAGGAGGAGATCCTGTACTTTACCAACATCTTTTT
0176d888a6053f2b3b29dbcd07163adb672e16d8,ATTAAGTAGCGTTCAAGCTCACTCAGGTCCTTCAGTGGATTTAGCTATTTTTAGTCTACATTTATCAGGAGCATCATCAATTCTTGGAGCAATAAATTTCATTACAACAATCTTCAATATGAGAGCTCCAGGAATGACTATGCATAGACTTCCTTTATTTGTATGAGCGGTTTTAATTACTGCATTTTTATTACTTTTATCGTTACCTGTACTGGCAGGAGCAATTACTATGCTATTAACAGATAGAAACTTTAATACAACATTTTTCGATCCTGCAGGAGGAGGAGATCCTGTATTATATCAACATCTTTTT
2f5723a58d69dbcde6737abcbcb6e2a3d0455382,TCTATCTACTTCTTTCCTATCTCTATCCCCATCTTCTATGTACTTCCTACTATCTGGTCTACTAGTTTCTGGTCTATCTTCTGCTCTAACTTCTCTAAACTTCTTCCTAACAATTCTTAACATGCGTTGTTTCTCTATGAATCTAAAGCTACTACCTCTATTCAACTGGTCTATCCTAATTACTTCTGTCCTACTTCTATTCACTCTACCTGTTCTATCTGGTGCTGTCGTTATGATCCTATCCGATCTATCTGCTAATACACTATTCTATGATCCAATCTTCGGTGGTGATCCTGTTCTTTACCAGCATCTTTTC
c770016f14d297194d21859a099a36519b97635a,TTTAGCGAGTGTACAAGCACACTCAGGACCATCTATTGATTTAGCTATTTTCAGCTTACACTTAGCTGGAGCTTCTTCAATCTTAGGTGCTATTAACTTCATTACTACTATTATGAACATGCGGGCTCCCGGTATGACTATGCACCGATTACCCTTATTCGTTTGGGCTGTTCTTATCACTGCAATCCTATTGTTACTATCATTACCTGTATTAGCAGGAGCAATTACTATGCTACTAACCGATAGAAACTTCAATACCACATTCTTCGATCCTGCAGGTGGTGGTGATCCTATTTTATACCAGCATTTATTC
b8fa6b69798c0a1b93eefe0efd297cca3a7ece98,ACTCTCTTCCAAGAAATACTCTTCCAGCTTTAATATGGATATTACTATTTTATCAGTTCTTTCAATAGCAACAGCGTCGCTAATTAGTACCACTAATTTGATATCAACCTATAGGTATATGCGGGGGGCTTCCATGAAAGCAGACTACAGGTTTATACCCCTTTCTGTTTACGGTACCCTTTTCGGGGCGCTCCTATTTACGTTTGCTGCACCTGTTTTAGGCATAGCTATGTTTATGCTCTATTTTGATAGACATGGTATTACAAATTTTTTTAATGTAGCCAAAGGGGGCGACGTAGTTCTATACCAACATCTCTTT
9ba84255da188b331a6f528376f6ea80a426b346,ACTCTCTTCCAAGAAATACTCTTCCAGCTTTAATATGGATATTACTATTTTATCAGTTCTTTCAATAGCAACAGCGTCGCTAATTAGTACCACTAATTTGATATCAACCTATAGGTATATGCGGGGGGCTTCCATGAAAGCAGACTACAGGTTTATACCCCTTTCTGTTTACGGTACCCTCTTCGGGGCGCTCCTATTTACGTTTGCCGCACCTGTTTTAGGCATAGCTATGTTTATGCTCTATTTTGATAGACATGGTATTACAAATTTTTTTAATGTAGCCAAAGGGGGCGACGTAGTCTTATACCAACATCTTTTT
af9a4abfc693579ee31f23d4fc8ad15fedb91036,CTAGCAGGTAACCTCGCCCACGCTGGAGCCTCTGTTGACCTCGCCATCTTCTCACTACACCTAGCTGGTGTTTCTTCTATCCTAGGTGCAATCAACTTTATTACAACAGCCATTAACATAAAACCCCCAGCCCTTTCACAATACCAAACCCCTCTATTCGTGTGATCAGTCCTAATCACCGCCATCCTACTACTACTATCACTCCCAGTACTCGCTGCAGGTATTACCATGCTCCTCACGGACCGAAATCTCAATACCACATTCTTTGATCCCGCGGGAGGAGGAGACCCCGTCCTATACCAACACCTCTTC
9c09a763d6c811768737dd27009813b61564de01,ACTCTCTTCCAAGAAATACTCTTCCAGCTTTAATATGGATATTACTATTTTATCAGTTCTTTCAATAGCAACAGCGTCGCTAATTAGTACCACTAATTTGATATCAACCTATAGGTATATGCGGGGGGCTTCCATGAAAGCAGACTACAGGTTTATACCCCTTTCCGTTTACGGTACCCTTTTCGGGGCGCTCCTATTTACGTTTGCCGCACCTGTTTTAGGCATAGCTATGTTTATGCTCTATTTTGATAGACATGGTATTACAAATTTTTTTAATGTAGCCAAAGGGGGCGACGTAGTTCTATACCAACATCTTTTT
81bf045e02b4d4c97c5c4b1a8b4891976f712696,ACTCTCTTCCAAGAAATACTCTTCCAGCTTTAATATGGATATTACTATTTTATCAGTTCTTTCAATAGCAACAGCGTCGCTAATTAGTACCACTAATTTGATATCAACCTATAGGTATATGCGGGGGGCTTCCATGAAAGCAGACTACAGGTTTATACCCCTTTCTGTTTACGGTACCCTTTTCGGGGCGCTCCTATTTACGTTTGCCGCACCTGTTTTAGGCATAGCTATGTTTATGCTCTATTTTGATAGACATGGTATTACAAATTTTTTTAATGTAGCCAAAGGGGGCGACGTAGTCTTATACCAACATCTTTTT
caea015f61b3a0098eea07cf7d5db37387d6ac8c,ACTCTCTTCCAAGAAATACTCTTCCAGCTTTAATATGGATATTACTATTTTATCAGTTCTTTCAATAGCAACAGCGTCGCTAATTAGTACCACTAATTTGATATCAACCTATAGGTATATGCGGGGGGCTTCCATGAAAGCAGACTACAGGTTTATACCCCTTTCTGTTTACGGTACCCTCTTCGGGGCGCTCCTATTTACGTTTGCCGCACCTGTTTTAGGCATAGCTATGTTTATGCTCTATTTTGATAGACATGGTATTACAAATTTTTTTAATGTAGCCAAAGGGGGCGACGTGGTTCTATACCAACATCTTTTT
3f4e6b388d3ccb17760c90af04d06c65d1e9ae4b,GTTAAGAAGAAACATTGCCCATGGGGGTGCATCTGTAGATCTCGCTATTTTCTCATTACACTTGGCGGGTGTATCCTCTTTACTAGGAGCGGTTAACTTTATTAGCACCCTAAGAAATTTACGTGCCATAGGAATGTTAATAGACCGAATGCCCTTGTTTCCATGAGCGGTGCTTGTAACTGCCGTACTACTACTTCTATCTCTGCCAGTACTAGCTGGGGCTATCACAATGCTTCTAACAGATCGTAACTTTAACTCTTCTTTTTACGACCCTAGGGGAGGAGGGGACCCCTTACTCTACCAACATCTATTT
f63e263b72356d445767d197041fdb6306e85279,CTAGCCGGAAACCTAGCCCACGCCGGGCCATCCGTAGATTTAACTATCTTCTCTCTACACTTAGCCGGAGTATCTTCCATCCTCGGAGCAATTAACTTTATTACAACAGCAATCAACATAAAACCCCCAGCAATATCCCAATACCAAACACCACTATTTGTGTGATCCGTCCTAATTACAGCTGTACTTCTCCTACTATCCCTACCAGTACTAGCTGCTGGAATTACAATACTACTCACAGACCGCAACTTAAACACAACCTTCTTTGACCCCGCAGGGGGAGGAGATCCCATCCTATACCAACACCTCTTC
2272d394e240d3da4795e1beae8079b6c849dca0,TTTATCAGATTCTAAGTATCATTCTGGTATTTCAGTAGATTTAGCTATTTTTAGACTTCATTTAGCTGGAATTTCTTCTATTTTAGGGAGAATTAACTTCATAACTACTATTATTTGTTCTCGTACAACGAAGATGGTAAGAATAGATCGCATACCTTTAATGTTGTGATCTTTAGGAGTAACGGCTTTCTTATTAGTTACTACTTTACCTGTTTTAGCCGGAGCTATTACGATACTTTTAACGGATCGTAACTTTAATACTTCTTTCTTTGATCCTTCAGGAGGAGGAAATCCCGTTTTATATCAACACTTATTC
a6b8fe314aa2503523d66f0898cc23efd08ebb47,TCTTTCAGGTATTATCGCTCATTCTGGTGGAGCTGTAGATTTAGCTATCTTTAGTTTACACCTGTCTGGAGCAGCATCTATTCTAGGAGCTATTAATTTTATTTGTACTATTGTTAATATGAGGACAGAAAGCCTTCCTTTCCATAAACTACCATTATTTGTTTGGGCAGTTTTTATTACCGCGATCTTGTTATTATTGTCTCTACCAGTTCTAGCAGGCGCAATTACTATGTTATTAACTGATAGAAATTTTAACACTACATTTTTTGATCCAGCTGGTGGAGGTGATCCCGTATTATACCAGCATTTATTT
79d44e958bb8dfea54fceed59d60e6c0f82803c2,TTTAAGTTCCATCACCGGGCATAGTTCTCCTGCAGTAGATATGGCTATTTTTTCTCTTCACTTAGCGGGAGCATCTTCTATTTTGGGCGCAGTGAACTTCATTACAACTATTCTTAATATGAGGGCACCTGGAATGACCCTCCATAAGATGCCTTTATTTGCTTGGGCGATGTTAGTTACCGCTTTCCTTCTATTGTTAGCTGTTCCTGTATTAGGTGGAGCTATTACGATGCTTTTAACAGACCGTAACTTTGGAACTACCTTTTTTGATCCAGCTGGAGGCGGAGATCCTGTTCTTTTTCAACATCTTTTC
256e5c4166745c6fc18f18c910695413a11dd86f,TCTAAGTCATATTACGAGCCACTCTGGTGGTGCAGTTGATTTAGCTATTTTCAGTTTACATTTATCTGGAGCGAGCAGTATTTTAGGGGCGATTAACTTTATTACCACTATCTTTAACATGCGTGGGCCTGGTCTGGGCTTCCATCGCTTACCTTTATTTGTGTGGTCTGTTCTGATTACGGCCTTCTTACTTCTTCTCTCTTTACCGGTTTTAGCGGGAGCGATTACGATGCTGTTAACGGATCGTAACTTCAATACCTCGTTCTTTGATCCGGCGGGCGGAGGTGACCCTATTTTGTTCCAGCACCTTTTC
6da6b9756ee8c23e63db3e6a00a71c8f8d183875,ATTAAGCGGCATTTTATCACACTCTGGAGGTTCTGTTGATCTTGCTATTTTTAGTTTACATATTGCTGGTGCTTCATCAATATTGGGTGCTATAAATTTTATTGTAACAATTTTAAATATGAGAGCACCTGGTATGTCTGCTCATAGAGTGCCATTATTTGTTTGAGCAGTTTTTATTACAGCTTTTTTATTATTGTTATCACTACCTGTATTAGCAGGCGCTATAACAATGTTGCTTACAGACAGAAATTTTAATACTGCATTTTTTGATAGTCATGGCGGTGGTGATCCAGTTTTATATCAGCATCTTTTC
3165737a53e1ca16d98fc29f94e4c8a2f5f5618d,TTTATCATCTATTGAATTTCATTCAGGTGGTTCAGTTGATTTAGCTATTTTTAGTTTACATTTAGCTGGTATATCTTCTATTTTAGGTGCTAGTAATTTTATTACTACTATTTTAAATATGAGAGCTCCAGGTATGACTATGCATAGAATGCCTTTATTTGTATGAGCTGTATTTATTACTGCTATATTATTATTATTATCATTACCTGTATTAGCTGGTGCTATTACAATGTTATTAACAGATAGAAATTTTAATACATCATTTTTTGATCCTGCTGCAGGTGGTGATCCAATTTTATATCAACATTTATTT
c3ffec6c49836b4216dbbb5ad249198397168ef3,ATTAAGGTCAAATATTGCTCATAGAGGGATATCTGTAGATTTTGCAATTTTTTCTCTCCATCTTGCGGGAATTTCTTCATTGTTGGGGGCAGTTAATTTTATTAGAACTTTAGGAAATTTGCGTTCTTTGGGAATGGTACTAGAAAGCATACCTCTCTTTGCTTGGGCTGTGCTAATCACTGCGGTGTTACTTTTACTTTCCTTACCCGTGTTAGCAGGGGCTATCACTATGCTTTTAACTGATCGTAACCTGAACACTGCTTTTTATGATGTTGCTGGAGGGGGAGATCCCGTGTTATACCAACATTTGTTT
e6d54b5769c871de0324a5036c61f08f6ec4ae54,GTTAAGAAGAAACATTGCCCATGGGGGTGCATCTGTAGATCTCGCTATTTTCTCATTACACTTAGCGGGTGTATCCTCTTTACTAGGAGCGGTTAACTTTATTAGCACCCTAAGAAATTTACGTGCCATAGGAATGTTAATAGACCGAATGCCCTTGTTTCCATGAGCGGTGCTTGTAACTGCCGTACTACTACTACTATCTCTGCCAGTACTAGCTGGGGCTATCACAATGCTTCTAACAGATCGTAACTTTAACTCTTCTTTTTACGACCCTAGGGGAGGAGGGGACCCCTTACTCTACCAACATCTATTT
e294b257e9eaf219586d0deec990b0d66720bb9b,TTTAAGTAGTACGATGGCTCATCCTGGTGGTGCCGTAGATTTAGCGATCTTCAGTCTCCATGTTTCAGGTGCATCGTCGATCTTAGGTGCTGTAAATTTCATAACTACAATTTTTAATATGCGATGTCCAGGTATGACAATGCATAGAGTACCTTTATTTGTGTGGGCTGTTTTAATTACAGCTTTTCTTTTATTGTTGTCTTTACCTGTTTTGGCCGGTGCGATAACTATGTTACTTTGTGATCGTAATTTCAATACTACTTTCTTTGATCCTTCAGGAGGTGGTGATCCAGTTTTATACCAACACCTTTTC
0aa2129aae93abb42217fbe46d28e5231af978bf,TTTATCAAGAAATATTGCTCACTCTGGGGCATCTGTAGATTTATCAATTTTTTCTCTCCATTTAGCGGGAGCTTCTTCAATTCTAGGAGCAATTAATTTTATATCCACAGTTATTAATATACGAGCAGAAACTTTAACTTTTGATCGTCTTCCTCTTTTTGTATGAAGAGTATTTATTACAGTAATTTTACTTCTACTATCGCTCCCTGTTTTAGCAGGAGCTATTACAATACTACTTACAGATCGAAATCTAAATACTTCATTTTTTGACCCTACAGGGGGAGGTGATCCTATTCTTTATCAACATTTATTC
69574d05362ce02e1ba5067abec4a45cab1a34c8,ATTGTCTAGTATCACAGCACACTCAGGTGGAGCTGTTGATTTAGCAATTTTTAGTTTACATGTATCAGGAGCTTCATCTATTTTAGGTGCAATTAATTTTATTTGTACTATTTTCAACATGCGTGTGAAAAGTTTATCATTTCATAAACTACCTCTATTCGTTTGGGCCGTATTAATAACTGCAGTTTTATTGTTATTATCATTACCGGTGCTTGCGGGGGCAATCACAATGCTTCTGACTGATCGTAACTTTAATACCACTTTTTTTGATCCAGCAGGAGGCGGAGATCCAGTACTCTACCAACACCTTTTC
78b4ca890c25094121d36ac7b791ef8ce0430906,ATTATCTACAATACAATATCACCCTGGCGGTTCTGTAGATATGGCTATTTTTAGTTTACATGTTGCTGGTGCATCTTCAATTGCTGGTGCCATAAATTTTATAACAACAATTTTTAATATGCGGGCTTTAGGTATGGGAAGCCATCGTTTACCCCTTTTTGTTTGATCTGTATTAATTACAGCTGTATTGCTTTTACTATCTTTACCGGTATTAGCTGCCGCTATAACTATGCTACTTACTGATCGTAATTTTAATACTACATTTTTTGATCCGGCTGGTGGTGGCGATCCTGTATTATACCAACACCTATTT
dfd790f9b862e6415cbc236cc53b855a976f1714,ATTAAGTAGTGTTCAAGCCCATTCTGGTGGTTCTGTTGACTTGGCTATTTTTAGTTTACACTTGGCAGGAGCTTCATCAATATTAGGAGCAATTAACTTTATAACTACAATTATTAATATGCGAGGACCTGGTCAAACAATGCATGAATTACCTTTATTTGTATGGTCAGTATTAATTACTGCTGTACTACTATTATTATCATTACCCGTATTAGCAGGTGCTATTACTATGTTATTAACAGATAGAAATTTTAATACTACTTTTTTTGATCCAGCTGGTGGGGGTGATCCTGTATTATATCAACATTTATTT
f993cca907de090f852516c97975aff27e4d8184,GTTATCATCTAAAGCAGGACAACCTGGTCCCGCAATGGATTTAGCAATTTTAAGTTTGCACTTAGCGGGTGCTTCTTCAATTTTGGGGGCTGTTAATTTTATTACTACAATTTTAAATATGAGAACACCAGGCATGACATTACATAAGATGCCTTTATTTGCTTGGTCAATTTTAGTAACTGCTTTTTTATTATTGTTATCTTTACCAGTACTTGCTGGAGCAATAACGATGCTATTAACAGACAGAAATTTTGGAACCGCTTTCTTTGATGCACAAACTGGAGGTGATCCTGTTTTATTTCAACATTTATTT
