First_trim_R1,nReads_R1,First_trim_R2,nReads_R2,Second_trim_R1,nReads_StR1,Second_trim_R2,nReads_StR2,NEW_OUTPUT_Fwd_1,nreadsFwd,NEW_OUTPUT_Rev_1,nreadsRev
Lib_A-ACACAC_round1.1.fastq,    2348,Lib_A-ACACAC_round1.2.fastq,    2348,Lib_A_ACACAC_mid.1.fastq,    1636,Lib_A_ACACAC_mid.2.fastq,    1636,Lib_A_ACACAC_Fwd.1.fastq,    1064,Lib_A_ACACAC_Rev.1.fastq,     552
Lib_A-ACAGCA_round1.1.fastq,    1932,Lib_A-ACAGCA_round1.2.fastq,    1932,Lib_A_ACAGCA_mid.1.fastq,    1368,Lib_A_ACAGCA_mid.2.fastq,    1368,Lib_A_ACAGCA_Fwd.1.fastq,     876,Lib_A_ACAGCA_Rev.1.fastq,     464
Lib_A-ACATGT_round1.1.fastq,    3108,Lib_A-ACATGT_round1.2.fastq,    3108,Lib_A_ACATGT_mid.1.fastq,    2076,Lib_A_ACATGT_mid.2.fastq,    2076,Lib_A_ACATGT_Fwd.1.fastq,    1240,Lib_A_ACATGT_Rev.1.fastq,     800
Lib_A-ACGACG_round1.1.fastq,    2596,Lib_A-ACGACG_round1.2.fastq,    2596,Lib_A_ACGACG_mid.1.fastq,    2072,Lib_A_ACGACG_mid.2.fastq,    2072,Lib_A_ACGACG_Fwd.1.fastq,    1300,Lib_A_ACGACG_Rev.1.fastq,     752
Lib_A-ATATCG_round1.1.fastq,    1612,Lib_A-ATATCG_round1.2.fastq,    1612,Lib_A_ATATCG_mid.1.fastq,    1148,Lib_A_ATATCG_mid.2.fastq,    1148,Lib_A_ATATCG_Fwd.1.fastq,     704,Lib_A_ATATCG_Rev.1.fastq,     432
Lib_A-ATCAGT_round1.1.fastq,      12,Lib_A-ATCAGT_round1.2.fastq,      12,Lib_A_ATCAGT_mid.1.fastq,       4,Lib_A_ATCAGT_mid.2.fastq,       4,Lib_A_ATCAGT_Fwd.1.fastq,       0,Lib_A_ATCAGT_Rev.1.fastq,       4
Lib_A-CGACGC_round1.1.fastq,    2200,Lib_A-CGACGC_round1.2.fastq,    2200,Lib_A_CGACGC_mid.1.fastq,    1656,Lib_A_CGACGC_mid.2.fastq,    1656,Lib_A_CGACGC_Fwd.1.fastq,    1056,Lib_A_CGACGC_Rev.1.fastq,     584
Lib_A-CTCGCA_round1.1.fastq,    3452,Lib_A-CTCGCA_round1.2.fastq,    3452,Lib_A_CTCGCA_mid.1.fastq,    2528,Lib_A_CTCGCA_mid.2.fastq,    2528,Lib_A_CTCGCA_Fwd.1.fastq,    1552,Lib_A_CTCGCA_Rev.1.fastq,     932
Lib_A-GATGAC_round1.1.fastq,    1256,Lib_A-GATGAC_round1.2.fastq,    1256,Lib_A_GATGAC_mid.1.fastq,     972,Lib_A_GATGAC_mid.2.fastq,     972,Lib_A_GATGAC_Fwd.1.fastq,     672,Lib_A_GATGAC_Rev.1.fastq,     292
Lib_A-GCAGTG_round1.1.fastq,    2108,Lib_A-GCAGTG_round1.2.fastq,    2108,Lib_A_GCAGTG_mid.1.fastq,    1672,Lib_A_GCAGTG_mid.2.fastq,    1672,Lib_A_GCAGTG_Fwd.1.fastq,     812,Lib_A_GCAGTG_Rev.1.fastq,     596
Lib_A-GCGCTC_round1.1.fastq,    1336,Lib_A-GCGCTC_round1.2.fastq,    1336,Lib_A_GCGCTC_mid.1.fastq,    1004,Lib_A_GCGCTC_mid.2.fastq,    1004,Lib_A_GCGCTC_Fwd.1.fastq,     636,Lib_A_GCGCTC_Rev.1.fastq,     344
Lib_A-GTCTCT_round1.1.fastq,       4,Lib_A-GTCTCT_round1.2.fastq,       4,Lib_A_GTCTCT_mid.1.fastq,       4,Lib_A_GTCTCT_mid.2.fastq,       4,Lib_A_GTCTCT_Fwd.1.fastq,       0,Lib_A_GTCTCT_Rev.1.fastq,       4
Lib_A-TCGCAT_round1.1.fastq,    2640,Lib_A-TCGCAT_round1.2.fastq,    2640,Lib_A_TCGCAT_mid.1.fastq,    2056,Lib_A_TCGCAT_mid.2.fastq,    2056,Lib_A_TCGCAT_Fwd.1.fastq,    1212,Lib_A_TCGCAT_Rev.1.fastq,     808
Lib_A-TCGTCA_round1.1.fastq,    2928,Lib_A-TCGTCA_round1.2.fastq,    2928,Lib_A_TCGTCA_mid.1.fastq,    2148,Lib_A_TCGTCA_mid.2.fastq,    2148,Lib_A_TCGTCA_Fwd.1.fastq,    1476,Lib_A_TCGTCA_Rev.1.fastq,     624
Lib_A-TGTATG_round1.1.fastq,    2276,Lib_A-TGTATG_round1.2.fastq,    2276,Lib_A_TGTATG_mid.1.fastq,    1796,Lib_A_TGTATG_mid.2.fastq,    1796,Lib_A_TGTATG_Fwd.1.fastq,    1184,Lib_A_TGTATG_Rev.1.fastq,     580
Lib_B-ACACAC_round1.1.fastq,    2324,Lib_B-ACACAC_round1.2.fastq,    2324,Lib_B_ACACAC_mid.1.fastq,    1692,Lib_B_ACACAC_mid.2.fastq,    1692,Lib_B_ACACAC_Fwd.1.fastq,    1176,Lib_B_ACACAC_Rev.1.fastq,     492
Lib_B-ACAGCA_round1.1.fastq,    2604,Lib_B-ACAGCA_round1.2.fastq,    2604,Lib_B_ACAGCA_mid.1.fastq,    1828,Lib_B_ACAGCA_mid.2.fastq,    1828,Lib_B_ACAGCA_Fwd.1.fastq,    1228,Lib_B_ACAGCA_Rev.1.fastq,     560
Lib_B-ACATGT_round1.1.fastq,    2300,Lib_B-ACATGT_round1.2.fastq,    2300,Lib_B_ACATGT_mid.1.fastq,    1740,Lib_B_ACATGT_mid.2.fastq,    1740,Lib_B_ACATGT_Fwd.1.fastq,    1060,Lib_B_ACATGT_Rev.1.fastq,     640
Lib_B-ACGACG_round1.1.fastq,    2104,Lib_B-ACGACG_round1.2.fastq,    2104,Lib_B_ACGACG_mid.1.fastq,    1660,Lib_B_ACGACG_mid.2.fastq,    1660,Lib_B_ACGACG_Fwd.1.fastq,    1012,Lib_B_ACGACG_Rev.1.fastq,     636
Lib_B-ATATCG_round1.1.fastq,    1936,Lib_B-ATATCG_round1.2.fastq,    1936,Lib_B_ATATCG_mid.1.fastq,    1360,Lib_B_ATATCG_mid.2.fastq,    1360,Lib_B_ATATCG_Fwd.1.fastq,     900,Lib_B_ATATCG_Rev.1.fastq,     440
Lib_B-ATCAGT_round1.1.fastq,    2164,Lib_B-ATCAGT_round1.2.fastq,    2164,Lib_B_ATCAGT_mid.1.fastq,    1688,Lib_B_ATCAGT_mid.2.fastq,    1688,Lib_B_ATCAGT_Fwd.1.fastq,     968,Lib_B_ATCAGT_Rev.1.fastq,     712
Lib_B-CGACGC_round1.1.fastq,    2168,Lib_B-CGACGC_round1.2.fastq,    2168,Lib_B_CGACGC_mid.1.fastq,    1632,Lib_B_CGACGC_mid.2.fastq,    1632,Lib_B_CGACGC_Fwd.1.fastq,     980,Lib_B_CGACGC_Rev.1.fastq,     636
Lib_B-CTCGCA_round1.1.fastq,    2692,Lib_B-CTCGCA_round1.2.fastq,    2692,Lib_B_CTCGCA_mid.1.fastq,    1940,Lib_B_CTCGCA_mid.2.fastq,    1940,Lib_B_CTCGCA_Fwd.1.fastq,    1248,Lib_B_CTCGCA_Rev.1.fastq,     656
Lib_B-GATGAC_round1.1.fastq,    1356,Lib_B-GATGAC_round1.2.fastq,    1356,Lib_B_GATGAC_mid.1.fastq,     996,Lib_B_GATGAC_mid.2.fastq,     996,Lib_B_GATGAC_Fwd.1.fastq,     688,Lib_B_GATGAC_Rev.1.fastq,     304
Lib_B-GCAGTG_round1.1.fastq,    2232,Lib_B-GCAGTG_round1.2.fastq,    2232,Lib_B_GCAGTG_mid.1.fastq,    1716,Lib_B_GCAGTG_mid.2.fastq,    1716,Lib_B_GCAGTG_Fwd.1.fastq,     784,Lib_B_GCAGTG_Rev.1.fastq,     656
Lib_B-GCGCTC_round1.1.fastq,    2064,Lib_B-GCGCTC_round1.2.fastq,    2064,Lib_B_GCGCTC_mid.1.fastq,    1524,Lib_B_GCGCTC_mid.2.fastq,    1524,Lib_B_GCGCTC_Fwd.1.fastq,     988,Lib_B_GCGCTC_Rev.1.fastq,     516
Lib_B-GTCTCT_round1.1.fastq,    2500,Lib_B-GTCTCT_round1.2.fastq,    2500,Lib_B_GTCTCT_mid.1.fastq,    1664,Lib_B_GTCTCT_mid.2.fastq,    1664,Lib_B_GTCTCT_Fwd.1.fastq,    1036,Lib_B_GTCTCT_Rev.1.fastq,     600
Lib_B-TCGCAT_round1.1.fastq,       4,Lib_B-TCGCAT_round1.2.fastq,       4,Lib_B_TCGCAT_mid.1.fastq,       0,Lib_B_TCGCAT_mid.2.fastq,       0,Lib_B_TCGCAT_Fwd.1.fastq,       0,Lib_B_TCGCAT_Rev.1.fastq,       0
Lib_B-TCGTCA_round1.1.fastq,    1548,Lib_B-TCGTCA_round1.2.fastq,    1548,Lib_B_TCGTCA_mid.1.fastq,    1104,Lib_B_TCGTCA_mid.2.fastq,    1104,Lib_B_TCGTCA_Fwd.1.fastq,     812,Lib_B_TCGTCA_Rev.1.fastq,     276
Lib_B-TGTATG_round1.1.fastq,    2152,Lib_B-TGTATG_round1.2.fastq,    2152,Lib_B_TGTATG_mid.1.fastq,    1624,Lib_B_TGTATG_mid.2.fastq,    1624,Lib_B_TGTATG_Fwd.1.fastq,    1064,Lib_B_TGTATG_Rev.1.fastq,     548
Lib_C-ACACAC_round1.1.fastq,    1760,Lib_C-ACACAC_round1.2.fastq,    1760,Lib_C_ACACAC_mid.1.fastq,    1164,Lib_C_ACACAC_mid.2.fastq,    1164,Lib_C_ACACAC_Fwd.1.fastq,     784,Lib_C_ACACAC_Rev.1.fastq,     364
Lib_C-ACAGCA_round1.1.fastq,    2168,Lib_C-ACAGCA_round1.2.fastq,    2168,Lib_C_ACAGCA_mid.1.fastq,    1580,Lib_C_ACAGCA_mid.2.fastq,    1580,Lib_C_ACAGCA_Fwd.1.fastq,    1036,Lib_C_ACAGCA_Rev.1.fastq,     520
Lib_C-ACATGT_round1.1.fastq,    2456,Lib_C-ACATGT_round1.2.fastq,    2456,Lib_C_ACATGT_mid.1.fastq,    1816,Lib_C_ACATGT_mid.2.fastq,    1816,Lib_C_ACATGT_Fwd.1.fastq,    1132,Lib_C_ACATGT_Rev.1.fastq,     652
Lib_C-ACGACG_round1.1.fastq,       8,Lib_C-ACGACG_round1.2.fastq,       8,Lib_C_ACGACG_mid.1.fastq,       0,Lib_C_ACGACG_mid.2.fastq,       0,Lib_C_ACGACG_Fwd.1.fastq,       0,Lib_C_ACGACG_Rev.1.fastq,       0
Lib_C-ATATCG_round1.1.fastq,    1952,Lib_C-ATATCG_round1.2.fastq,    1952,Lib_C_ATATCG_mid.1.fastq,    1408,Lib_C_ATATCG_mid.2.fastq,    1408,Lib_C_ATATCG_Fwd.1.fastq,     848,Lib_C_ATATCG_Rev.1.fastq,     528
Lib_C-ATCAGT_round1.1.fastq,    2120,Lib_C-ATCAGT_round1.2.fastq,    2120,Lib_C_ATCAGT_mid.1.fastq,    1572,Lib_C_ATCAGT_mid.2.fastq,    1572,Lib_C_ATCAGT_Fwd.1.fastq,     940,Lib_C_ATCAGT_Rev.1.fastq,     596
Lib_C-CGACGC_round1.1.fastq,    3088,Lib_C-CGACGC_round1.2.fastq,    3088,Lib_C_CGACGC_mid.1.fastq,    2272,Lib_C_CGACGC_mid.2.fastq,    2272,Lib_C_CGACGC_Fwd.1.fastq,    1260,Lib_C_CGACGC_Rev.1.fastq,     996
Lib_C-CTCGCA_round1.1.fastq,    2220,Lib_C-CTCGCA_round1.2.fastq,    2220,Lib_C_CTCGCA_mid.1.fastq,    1676,Lib_C_CTCGCA_mid.2.fastq,    1676,Lib_C_CTCGCA_Fwd.1.fastq,     988,Lib_C_CTCGCA_Rev.1.fastq,     660
Lib_C-GATGAC_round1.1.fastq,    1608,Lib_C-GATGAC_round1.2.fastq,    1608,Lib_C_GATGAC_mid.1.fastq,    1124,Lib_C_GATGAC_mid.2.fastq,    1124,Lib_C_GATGAC_Fwd.1.fastq,     788,Lib_C_GATGAC_Rev.1.fastq,     324
Lib_C-GCAGTG_round1.1.fastq,    2068,Lib_C-GCAGTG_round1.2.fastq,    2068,Lib_C_GCAGTG_mid.1.fastq,    1564,Lib_C_GCAGTG_mid.2.fastq,    1564,Lib_C_GCAGTG_Fwd.1.fastq,     728,Lib_C_GCAGTG_Rev.1.fastq,     580
Lib_C-GCGCTC_round1.1.fastq,    1620,Lib_C-GCGCTC_round1.2.fastq,    1620,Lib_C_GCGCTC_mid.1.fastq,     976,Lib_C_GCGCTC_mid.2.fastq,     976,Lib_C_GCGCTC_Fwd.1.fastq,     596,Lib_C_GCGCTC_Rev.1.fastq,     360
Lib_C-GTCTCT_round1.1.fastq,    2896,Lib_C-GTCTCT_round1.2.fastq,    2896,Lib_C_GTCTCT_mid.1.fastq,    2180,Lib_C_GTCTCT_mid.2.fastq,    2180,Lib_C_GTCTCT_Fwd.1.fastq,    1384,Lib_C_GTCTCT_Rev.1.fastq,     764
Lib_C-TCGCAT_round1.1.fastq,    1460,Lib_C-TCGCAT_round1.2.fastq,    1460,Lib_C_TCGCAT_mid.1.fastq,     996,Lib_C_TCGCAT_mid.2.fastq,     996,Lib_C_TCGCAT_Fwd.1.fastq,     588,Lib_C_TCGCAT_Rev.1.fastq,     396
Lib_C-TCGTCA_round1.1.fastq,    1944,Lib_C-TCGTCA_round1.2.fastq,    1944,Lib_C_TCGTCA_mid.1.fastq,    1092,Lib_C_TCGTCA_mid.2.fastq,    1092,Lib_C_TCGTCA_Fwd.1.fastq,     796,Lib_C_TCGTCA_Rev.1.fastq,     276
Lib_C-TGTATG_round1.1.fastq,    2040,Lib_C-TGTATG_round1.2.fastq,    2040,Lib_C_TGTATG_mid.1.fastq,    1400,Lib_C_TGTATG_mid.2.fastq,    1400,Lib_C_TGTATG_Fwd.1.fastq,     900,Lib_C_TGTATG_Rev.1.fastq,     484
Lib_D-ACACAC_round1.1.fastq,    2400,Lib_D-ACACAC_round1.2.fastq,    2400,Lib_D_ACACAC_mid.1.fastq,    1696,Lib_D_ACACAC_mid.2.fastq,    1696,Lib_D_ACACAC_Fwd.1.fastq,    1048,Lib_D_ACACAC_Rev.1.fastq,     620
Lib_D-ACAGCA_round1.1.fastq,    2732,Lib_D-ACAGCA_round1.2.fastq,    2732,Lib_D_ACAGCA_mid.1.fastq,    1896,Lib_D_ACAGCA_mid.2.fastq,    1896,Lib_D_ACAGCA_Fwd.1.fastq,    1228,Lib_D_ACAGCA_Rev.1.fastq,     648
Lib_D-ACATGT_round1.1.fastq,    1948,Lib_D-ACATGT_round1.2.fastq,    1948,Lib_D_ACATGT_mid.1.fastq,    1332,Lib_D_ACATGT_mid.2.fastq,    1332,Lib_D_ACATGT_Fwd.1.fastq,     840,Lib_D_ACATGT_Rev.1.fastq,     468
Lib_D-ACGACG_round1.1.fastq,    2324,Lib_D-ACGACG_round1.2.fastq,    2324,Lib_D_ACGACG_mid.1.fastq,    1696,Lib_D_ACGACG_mid.2.fastq,    1696,Lib_D_ACGACG_Fwd.1.fastq,    1064,Lib_D_ACGACG_Rev.1.fastq,     608
Lib_D-ATATCG_round1.1.fastq,    1916,Lib_D-ATATCG_round1.2.fastq,    1916,Lib_D_ATATCG_mid.1.fastq,    1196,Lib_D_ATATCG_mid.2.fastq,    1196,Lib_D_ATATCG_Fwd.1.fastq,     732,Lib_D_ATATCG_Rev.1.fastq,     452
Lib_D-ATCAGT_round1.1.fastq,    2796,Lib_D-ATCAGT_round1.2.fastq,    2796,Lib_D_ATCAGT_mid.1.fastq,    1992,Lib_D_ATCAGT_mid.2.fastq,    1992,Lib_D_ATCAGT_Fwd.1.fastq,    1168,Lib_D_ATCAGT_Rev.1.fastq,     804
Lib_D-CGACGC_round1.1.fastq,    2216,Lib_D-CGACGC_round1.2.fastq,    2216,Lib_D_CGACGC_mid.1.fastq,    1784,Lib_D_CGACGC_mid.2.fastq,    1784,Lib_D_CGACGC_Fwd.1.fastq,     992,Lib_D_CGACGC_Rev.1.fastq,     784
Lib_D-CTCGCA_round1.1.fastq,    2640,Lib_D-CTCGCA_round1.2.fastq,    2640,Lib_D_CTCGCA_mid.1.fastq,    2012,Lib_D_CTCGCA_mid.2.fastq,    2012,Lib_D_CTCGCA_Fwd.1.fastq,    1220,Lib_D_CTCGCA_Rev.1.fastq,     768
Lib_D-GATGAC_round1.1.fastq,    1492,Lib_D-GATGAC_round1.2.fastq,    1492,Lib_D_GATGAC_mid.1.fastq,    1080,Lib_D_GATGAC_mid.2.fastq,    1080,Lib_D_GATGAC_Fwd.1.fastq,     696,Lib_D_GATGAC_Rev.1.fastq,     364
Lib_D-GCAGTG_round1.1.fastq,    2904,Lib_D-GCAGTG_round1.2.fastq,    2904,Lib_D_GCAGTG_mid.1.fastq,    2144,Lib_D_GCAGTG_mid.2.fastq,    2144,Lib_D_GCAGTG_Fwd.1.fastq,     920,Lib_D_GCAGTG_Rev.1.fastq,     864
Lib_D-GCGCTC_round1.1.fastq,    2316,Lib_D-GCGCTC_round1.2.fastq,    2316,Lib_D_GCGCTC_mid.1.fastq,    1732,Lib_D_GCGCTC_mid.2.fastq,    1732,Lib_D_GCGCTC_Fwd.1.fastq,    1088,Lib_D_GCGCTC_Rev.1.fastq,     624
Lib_D-GTCTCT_round1.1.fastq,       8,Lib_D-GTCTCT_round1.2.fastq,       8,Lib_D_GTCTCT_mid.1.fastq,       4,Lib_D_GTCTCT_mid.2.fastq,       4,Lib_D_GTCTCT_Fwd.1.fastq,       0,Lib_D_GTCTCT_Rev.1.fastq,       4
Lib_D-TCGCAT_round1.1.fastq,    2288,Lib_D-TCGCAT_round1.2.fastq,    2288,Lib_D_TCGCAT_mid.1.fastq,    1732,Lib_D_TCGCAT_mid.2.fastq,    1732,Lib_D_TCGCAT_Fwd.1.fastq,    1032,Lib_D_TCGCAT_Rev.1.fastq,     660
Lib_D-TCGTCA_round1.1.fastq,    2208,Lib_D-TCGTCA_round1.2.fastq,    2208,Lib_D_TCGTCA_mid.1.fastq,    1460,Lib_D_TCGTCA_mid.2.fastq,    1460,Lib_D_TCGTCA_Fwd.1.fastq,     932,Lib_D_TCGTCA_Rev.1.fastq,     512
Lib_D-TGTATG_round1.1.fastq,       4,Lib_D-TGTATG_round1.2.fastq,       4,Lib_D_TGTATG_mid.1.fastq,       0,Lib_D_TGTATG_mid.2.fastq,       0,Lib_D_TGTATG_Fwd.1.fastq,       0,Lib_D_TGTATG_Rev.1.fastq,       0
Lib_E-ACACAC_round1.1.fastq,    1664,Lib_E-ACACAC_round1.2.fastq,    1664,Lib_E_ACACAC_mid.1.fastq,    1236,Lib_E_ACACAC_mid.2.fastq,    1236,Lib_E_ACACAC_Fwd.1.fastq,     824,Lib_E_ACACAC_Rev.1.fastq,     392
Lib_E-ACAGCA_round1.1.fastq,    2024,Lib_E-ACAGCA_round1.2.fastq,    2024,Lib_E_ACAGCA_mid.1.fastq,    1436,Lib_E_ACAGCA_mid.2.fastq,    1436,Lib_E_ACAGCA_Fwd.1.fastq,     948,Lib_E_ACAGCA_Rev.1.fastq,     440
Lib_E-ACATGT_round1.1.fastq,    1872,Lib_E-ACATGT_round1.2.fastq,    1872,Lib_E_ACATGT_mid.1.fastq,    1324,Lib_E_ACATGT_mid.2.fastq,    1324,Lib_E_ACATGT_Fwd.1.fastq,     796,Lib_E_ACATGT_Rev.1.fastq,     496
Lib_E-ACGACG_round1.1.fastq,    3868,Lib_E-ACGACG_round1.2.fastq,    3868,Lib_E_ACGACG_mid.1.fastq,    3048,Lib_E_ACGACG_mid.2.fastq,    3048,Lib_E_ACGACG_Fwd.1.fastq,    1808,Lib_E_ACGACG_Rev.1.fastq,    1196
Lib_E-ATATCG_round1.1.fastq,    1364,Lib_E-ATATCG_round1.2.fastq,    1364,Lib_E_ATATCG_mid.1.fastq,     904,Lib_E_ATATCG_mid.2.fastq,     904,Lib_E_ATATCG_Fwd.1.fastq,     556,Lib_E_ATATCG_Rev.1.fastq,     336
Lib_E-ATCAGT_round1.1.fastq,    1536,Lib_E-ATCAGT_round1.2.fastq,    1536,Lib_E_ATCAGT_mid.1.fastq,    1128,Lib_E_ATCAGT_mid.2.fastq,    1128,Lib_E_ATCAGT_Fwd.1.fastq,     704,Lib_E_ATCAGT_Rev.1.fastq,     392
Lib_E-CGACGC_round1.1.fastq,    1552,Lib_E-CGACGC_round1.2.fastq,    1552,Lib_E_CGACGC_mid.1.fastq,    1028,Lib_E_CGACGC_mid.2.fastq,    1028,Lib_E_CGACGC_Fwd.1.fastq,     612,Lib_E_CGACGC_Rev.1.fastq,     408
Lib_E-CTCGCA_round1.1.fastq,    1672,Lib_E-CTCGCA_round1.2.fastq,    1672,Lib_E_CTCGCA_mid.1.fastq,    1216,Lib_E_CTCGCA_mid.2.fastq,    1216,Lib_E_CTCGCA_Fwd.1.fastq,     712,Lib_E_CTCGCA_Rev.1.fastq,     484
Lib_E-GCAGTG_round1.1.fastq,    1828,Lib_E-GCAGTG_round1.2.fastq,    1828,Lib_E_GCAGTG_mid.1.fastq,    1428,Lib_E_GCAGTG_mid.2.fastq,    1428,Lib_E_GCAGTG_Fwd.1.fastq,     592,Lib_E_GCAGTG_Rev.1.fastq,     544
Lib_E-GCGCTC_round1.1.fastq,    6764,Lib_E-GCGCTC_round1.2.fastq,    6764,Lib_E_GCGCTC_mid.1.fastq,    5028,Lib_E_GCGCTC_mid.2.fastq,    5028,Lib_E_GCGCTC_Fwd.1.fastq,    3040,Lib_E_GCGCTC_Rev.1.fastq,    1888
Lib_E-GTCTCT_round1.1.fastq,       8,Lib_E-GTCTCT_round1.2.fastq,       8,Lib_E_GTCTCT_mid.1.fastq,       4,Lib_E_GTCTCT_mid.2.fastq,       4,Lib_E_GTCTCT_Fwd.1.fastq,       4,Lib_E_GTCTCT_Rev.1.fastq,       0
Lib_E-TCGCAT_round1.1.fastq,    1728,Lib_E-TCGCAT_round1.2.fastq,    1728,Lib_E_TCGCAT_mid.1.fastq,    1276,Lib_E_TCGCAT_mid.2.fastq,    1276,Lib_E_TCGCAT_Fwd.1.fastq,     772,Lib_E_TCGCAT_Rev.1.fastq,     492
Lib_E-TCGTCA_round1.1.fastq,    1996,Lib_E-TCGTCA_round1.2.fastq,    1996,Lib_E_TCGTCA_mid.1.fastq,    1284,Lib_E_TCGTCA_mid.2.fastq,    1284,Lib_E_TCGTCA_Fwd.1.fastq,     844,Lib_E_TCGTCA_Rev.1.fastq,     408
Lib_E-TGTATG_round1.1.fastq,    2360,Lib_E-TGTATG_round1.2.fastq,    2360,Lib_E_TGTATG_mid.1.fastq,    1800,Lib_E_TGTATG_mid.2.fastq,    1800,Lib_E_TGTATG_Fwd.1.fastq,    1028,Lib_E_TGTATG_Rev.1.fastq,     748
Lib_F-ACACAC_round1.1.fastq,    2236,Lib_F-ACACAC_round1.2.fastq,    2236,Lib_F_ACACAC_mid.1.fastq,    1688,Lib_F_ACACAC_mid.2.fastq,    1688,Lib_F_ACACAC_Fwd.1.fastq,    1112,Lib_F_ACACAC_Rev.1.fastq,     536
Lib_F-ACAGCA_round1.1.fastq,    3292,Lib_F-ACAGCA_round1.2.fastq,    3292,Lib_F_ACAGCA_mid.1.fastq,    2404,Lib_F_ACAGCA_mid.2.fastq,    2404,Lib_F_ACAGCA_Fwd.1.fastq,    1456,Lib_F_ACAGCA_Rev.1.fastq,     880
Lib_F-ACATGT_round1.1.fastq,      24,Lib_F-ACATGT_round1.2.fastq,      24,Lib_F_ACATGT_mid.1.fastq,      12,Lib_F_ACATGT_mid.2.fastq,      12,Lib_F_ACATGT_Fwd.1.fastq,       8,Lib_F_ACATGT_Rev.1.fastq,       4
Lib_F-ACGACG_round1.1.fastq,    1688,Lib_F-ACGACG_round1.2.fastq,    1688,Lib_F_ACGACG_mid.1.fastq,    1260,Lib_F_ACGACG_mid.2.fastq,    1260,Lib_F_ACGACG_Fwd.1.fastq,     656,Lib_F_ACGACG_Rev.1.fastq,     540
Lib_F-ATATCG_round1.1.fastq,    3000,Lib_F-ATATCG_round1.2.fastq,    3000,Lib_F_ATATCG_mid.1.fastq,    1984,Lib_F_ATATCG_mid.2.fastq,    1984,Lib_F_ATATCG_Fwd.1.fastq,    1172,Lib_F_ATATCG_Rev.1.fastq,     784
Lib_F-ATCAGT_round1.1.fastq,    3104,Lib_F-ATCAGT_round1.2.fastq,    3104,Lib_F_ATCAGT_mid.1.fastq,    2376,Lib_F_ATCAGT_mid.2.fastq,    2376,Lib_F_ATCAGT_Fwd.1.fastq,    1380,Lib_F_ATCAGT_Rev.1.fastq,     940
Lib_F-CGACGC_round1.1.fastq,    1692,Lib_F-CGACGC_round1.2.fastq,    1692,Lib_F_CGACGC_mid.1.fastq,    1180,Lib_F_CGACGC_mid.2.fastq,    1180,Lib_F_CGACGC_Fwd.1.fastq,     628,Lib_F_CGACGC_Rev.1.fastq,     536
Lib_F-CTCGCA_round1.1.fastq,    1880,Lib_F-CTCGCA_round1.2.fastq,    1880,Lib_F_CTCGCA_mid.1.fastq,    1388,Lib_F_CTCGCA_mid.2.fastq,    1388,Lib_F_CTCGCA_Fwd.1.fastq,     844,Lib_F_CTCGCA_Rev.1.fastq,     472
Lib_F-GATGAC_round1.1.fastq,       8,Lib_F-GATGAC_round1.2.fastq,       8,Lib_F_GATGAC_mid.1.fastq,       0,Lib_F_GATGAC_mid.2.fastq,       0,Lib_F_GATGAC_Fwd.1.fastq,       0,Lib_F_GATGAC_Rev.1.fastq,       0
Lib_F-GCAGTG_round1.1.fastq,    5200,Lib_F-GCAGTG_round1.2.fastq,    5200,Lib_F_GCAGTG_mid.1.fastq,    4132,Lib_F_GCAGTG_mid.2.fastq,    4132,Lib_F_GCAGTG_Fwd.1.fastq,    1860,Lib_F_GCAGTG_Rev.1.fastq,    1592
Lib_F-GCGCTC_round1.1.fastq,    1296,Lib_F-GCGCTC_round1.2.fastq,    1296,Lib_F_GCGCTC_mid.1.fastq,     948,Lib_F_GCGCTC_mid.2.fastq,     948,Lib_F_GCGCTC_Fwd.1.fastq,     604,Lib_F_GCGCTC_Rev.1.fastq,     312
Lib_F-GTCTCT_round1.1.fastq,    2972,Lib_F-GTCTCT_round1.2.fastq,    2972,Lib_F_GTCTCT_mid.1.fastq,    2168,Lib_F_GTCTCT_mid.2.fastq,    2168,Lib_F_GTCTCT_Fwd.1.fastq,    1216,Lib_F_GTCTCT_Rev.1.fastq,     884
Lib_F-TCGCAT_round1.1.fastq,    1544,Lib_F-TCGCAT_round1.2.fastq,    1544,Lib_F_TCGCAT_mid.1.fastq,    1064,Lib_F_TCGCAT_mid.2.fastq,    1064,Lib_F_TCGCAT_Fwd.1.fastq,     632,Lib_F_TCGCAT_Rev.1.fastq,     384
Lib_F-TCGTCA_round1.1.fastq,    1720,Lib_F-TCGTCA_round1.2.fastq,    1720,Lib_F_TCGTCA_mid.1.fastq,    1184,Lib_F_TCGTCA_mid.2.fastq,    1184,Lib_F_TCGTCA_Fwd.1.fastq,     760,Lib_F_TCGTCA_Rev.1.fastq,     364
Lib_F-TGTATG_round1.1.fastq,    1560,Lib_F-TGTATG_round1.2.fastq,    1560,Lib_F_TGTATG_mid.1.fastq,    1120,Lib_F_TGTATG_mid.2.fastq,    1120,Lib_F_TGTATG_Fwd.1.fastq,     648,Lib_F_TGTATG_Rev.1.fastq,     440
Lib_G-ACACAC_round1.1.fastq,    2144,Lib_G-ACACAC_round1.2.fastq,    2144,Lib_G_ACACAC_mid.1.fastq,    1516,Lib_G_ACACAC_mid.2.fastq,    1516,Lib_G_ACACAC_Fwd.1.fastq,     936,Lib_G_ACACAC_Rev.1.fastq,     560
Lib_G-ACAGCA_round1.1.fastq,    2012,Lib_G-ACAGCA_round1.2.fastq,    2012,Lib_G_ACAGCA_mid.1.fastq,    1436,Lib_G_ACAGCA_mid.2.fastq,    1436,Lib_G_ACAGCA_Fwd.1.fastq,     880,Lib_G_ACAGCA_Rev.1.fastq,     532
Lib_G-ACATGT_round1.1.fastq,    1792,Lib_G-ACATGT_round1.2.fastq,    1792,Lib_G_ACATGT_mid.1.fastq,    1432,Lib_G_ACATGT_mid.2.fastq,    1432,Lib_G_ACATGT_Fwd.1.fastq,     864,Lib_G_ACATGT_Rev.1.fastq,     520
Lib_G-ACGACG_round1.1.fastq,    2020,Lib_G-ACGACG_round1.2.fastq,    2020,Lib_G_ACGACG_mid.1.fastq,    1516,Lib_G_ACGACG_mid.2.fastq,    1516,Lib_G_ACGACG_Fwd.1.fastq,     928,Lib_G_ACGACG_Rev.1.fastq,     576
Lib_G-ATATCG_round1.1.fastq,    1880,Lib_G-ATATCG_round1.2.fastq,    1880,Lib_G_ATATCG_mid.1.fastq,    1188,Lib_G_ATATCG_mid.2.fastq,    1188,Lib_G_ATATCG_Fwd.1.fastq,     736,Lib_G_ATATCG_Rev.1.fastq,     432
Lib_G-ATCAGT_round1.1.fastq,    2940,Lib_G-ATCAGT_round1.2.fastq,    2940,Lib_G_ATCAGT_mid.1.fastq,    2112,Lib_G_ATCAGT_mid.2.fastq,    2112,Lib_G_ATCAGT_Fwd.1.fastq,    1220,Lib_G_ATCAGT_Rev.1.fastq,     852
Lib_G-CGACGC_round1.1.fastq,    2120,Lib_G-CGACGC_round1.2.fastq,    2120,Lib_G_CGACGC_mid.1.fastq,    1528,Lib_G_CGACGC_mid.2.fastq,    1528,Lib_G_CGACGC_Fwd.1.fastq,     884,Lib_G_CGACGC_Rev.1.fastq,     632
Lib_G-CTCGCA_round1.1.fastq,    1844,Lib_G-CTCGCA_round1.2.fastq,    1844,Lib_G_CTCGCA_mid.1.fastq,    1136,Lib_G_CTCGCA_mid.2.fastq,    1136,Lib_G_CTCGCA_Fwd.1.fastq,     680,Lib_G_CTCGCA_Rev.1.fastq,     424
Lib_G-GATGAC_round1.1.fastq,    2348,Lib_G-GATGAC_round1.2.fastq,    2348,Lib_G_GATGAC_mid.1.fastq,    1812,Lib_G_GATGAC_mid.2.fastq,    1812,Lib_G_GATGAC_Fwd.1.fastq,    1328,Lib_G_GATGAC_Rev.1.fastq,     460
Lib_G-GCAGTG_round1.1.fastq,    2792,Lib_G-GCAGTG_round1.2.fastq,    2792,Lib_G_GCAGTG_mid.1.fastq,    2176,Lib_G_GCAGTG_mid.2.fastq,    2176,Lib_G_GCAGTG_Fwd.1.fastq,     932,Lib_G_GCAGTG_Rev.1.fastq,     888
Lib_G-GCGCTC_round1.1.fastq,    2808,Lib_G-GCGCTC_round1.2.fastq,    2808,Lib_G_GCGCTC_mid.1.fastq,    2060,Lib_G_GCGCTC_mid.2.fastq,    2060,Lib_G_GCGCTC_Fwd.1.fastq,    1268,Lib_G_GCGCTC_Rev.1.fastq,     752
Lib_G-GTCTCT_round1.1.fastq,    2152,Lib_G-GTCTCT_round1.2.fastq,    2152,Lib_G_GTCTCT_mid.1.fastq,    1604,Lib_G_GTCTCT_mid.2.fastq,    1604,Lib_G_GTCTCT_Fwd.1.fastq,     920,Lib_G_GTCTCT_Rev.1.fastq,     640
Lib_G-TCGCAT_round1.1.fastq,    3136,Lib_G-TCGCAT_round1.2.fastq,    3136,Lib_G_TCGCAT_mid.1.fastq,    2124,Lib_G_TCGCAT_mid.2.fastq,    2124,Lib_G_TCGCAT_Fwd.1.fastq,    1248,Lib_G_TCGCAT_Rev.1.fastq,     860
Lib_G-TCGTCA_round1.1.fastq,       4,Lib_G-TCGTCA_round1.2.fastq,       4,Lib_G_TCGTCA_mid.1.fastq,       0,Lib_G_TCGTCA_mid.2.fastq,       0,Lib_G_TCGTCA_Fwd.1.fastq,       0,Lib_G_TCGTCA_Rev.1.fastq,       0
